Rank,Name,Author,Year
1,The Fault in Our Stars,John Green,2012
2,Gone Girl,Gillian Flynn,2012
3,Eleanor & Park,Rainbow Rowell,2012
4,"Insurgent (Divergent, #2)",Veronica Roth,2012
5,"The Selection (The Selection, #1)",Kiera Cass,2012
6,The Martian,Andy Weir,2012
7,I Am Malala: The Story of the Girl Who Stood Up for Education and Was Shot by the Taliban,Malala Yousafzai,2012
8,"Throne of Glass (Throne of Glass, #1)",Sarah J. Maas,2012
9,Wild: From Lost to Found on the Pacific Crest Trail,Cheryl Strayed,2012
10,"Wonder (Wonder, #1)",R.J. Palacio,2012
11,The Power of Habit: Why We Do What We Do in Life and Business,Charles Duhigg,2012
12,A Man Called Ove,Fredrik Backman,2012
13,Quiet: ThGoodReads_Most_Popular_Books_Published_In_2011_2018.csve Power of Introverts in a World That Can't Stop Talking,Susan Cain,2012
14,"Fifty Shades Freed (Fifty Shades, #3)",E.L. James,2012
15,"Where'd You Go, Bernadette",Maria Semple,2012
16,"Shadow and Bone (The Shadow and Bone Trilogy, #1)",Leigh Bardugo,2012
17,"City of Lost Souls (The Mortal Instruments, #5)",Cassandra Clare,2012
18,The Light Between Oceans,M.L. Stedman,2012
19,"The Mark of Athena (The Heroes of Olympus, #3)",Rick Riordan,2012
20,The Casual Vacancy,J.K. Rowling,2012
21,"Me Before You (Me Before You, #1)",Jojo Moyes,2012
22,"Aristotle and Dante Discover the Secrets of the Universe (Aristotle and Dante, #1)",Benjamin Alire Sáenz,2012
23,"The Raven Boys (The Raven Cycle, #1)",Maggie Stiefvater,2012
24,And the Mountains Echoed,Khaled Hosseini,2012
25,"Cinder (The Lunar Chronicles, #1)",Marissa Meyer,2012
26,"Hopeless (Hopeless, #1)",Colleen Hoover,2012
27,"Saga, Vol. 1",Brian K. Vaughan,2012
28,Steal Like an Artist: 10 Things Nobody Told You About Being Creative,Austin Kleon,2012
29,Defending Jacob,William Landay,2012
30,"The Darkest Minds (The Darkest Minds, #1)",Alexandra Bracken,2012
31,Let's Pretend This Never Happened: A Mostly True Memoir,Jenny  Lawson,2012
32,"Easy (Contours of the Heart, #1)",Tammara Webber,2012
33,"Every Day (Every Day, #1)",David Levithan,2012
34,Brain on Fire: My Month of Madness,Susannah Cahalan,2012
35,"Pandemonium (Delirium, #2)",Lauren Oliver,2012
36,"Daring Greatly: How the Courage to Be Vulnerable Transforms the Way We Live, Love, Parent, and Lead",Brené Brown,2012
37,My Life Next Door,Huntley Fitzpatrick,2012
38,"Wallbanger (Cocktail, #1)",Alice Clayton,2012
39,"The Kill Order (The Maze Runner, #4)",James Dashner,2012
40,"Mr. Penumbra's 24-Hour Bookstore (Mr. Penumbra's 24-Hour Bookstore, #1)",Robin Sloan,2012
41,"Bared to You (Crossfire, #1)",Sylvia Day,2012
42,Code Name Verity,Elizabeth Wein,2012
43,"On Dublin Street (On Dublin Street, #1)",Samantha Young,2012
44,"Shadow of Night (All Souls Trilogy, #2)",Deborah Harkness,2012
45,"Fallen Too Far (Rosemary Beach, #1; Too Far, #1)",Abbi Glines,2012
46,"Reached (Matched, #3)",Ally Condie,2012
47,"The Diviners (The Diviners, #1)",Libba Bray,2012
48,Beautiful Ruins,Jess Walter,2012
49,Me and Earl and the Dying Girl,Jesse Andrews,2012
50,"Grave Mercy (His Fair Assassin, #1)",Robin LaFevers,2012
51,"Pushing the Limits (Pushing the Limits, #1)",Katie McGarry,2012
52,The Secret Keeper,Kate Morton,2012
53,"Finale (Hush, Hush, #4)",Becca Fitzpatrick,2012
54,The One and Only Ivan,Katherine Applegate,2012
55,"The Edge of Never (The Edge of Never, #1)",J.A. Redmerski,2012
56,Tell the Wolves I'm Home,Carol Rifka Brunt,2012
57,The Statistical Probability of Love at First Sight,Jennifer E. Smith,2012
58,"Behind the Beautiful Forevers: Life, Death, and Hope in a Mumbai Undercity",Katherine Boo,2012
59,"The Serpent's Shadow (The Kane Chronicles, #3)",Rick Riordan,2012
60,"Onyx (Lux, #2)",Jennifer L. Armentrout,2012
61,"The Unlikely Pilgrimage of Harold Fry (Harold Fry, #1)",Rachel Joyce,2012
62,The Hunger Games: Official Illustrated Movie Companion,Kate Egan,2012
63,"Rapture (Fallen, #4)",Lauren Kate,2012
64,"The Wishing Spell (The Land of Stories, #1)",Chris Colfer,2012
65,"The Immortal Rules (Blood of Eden, #1)",Julie Kagawa,2012
66,"Opal (Lux, #3)",Jennifer L. Armentrout,2012
67,"Sweet Evil (Sweet, #1)",Wendy Higgins,2012
68,"The Coincidence of Callie & Kayden (The Coincidence, #1)",Jessica Sorensen,2012
69,"The $100 Startup: Reinvent the Way You Make a Living, Do What You Love, and Create a New Future",Chris Guillebeau,2012
70,"Bitterblue (Graceling Realm, #3)",Kristin Cashore,2012
71,The Longest Ride,Nicholas Sparks,2012
72,The Time Keeper,Mitch Albom,2012
73,"Wool Omnibus (Silo, #1)",Hugh Howey,2012
74,Winter of the World (The Century Trilogy #2),Ken Follett,2012
75,The Orphan Master's Son,Adam Johnson,2012
76,"Falling Kingdoms (Falling Kingdoms, #1)",Morgan Rhodes,2012
77,"The Golden Lily (Bloodlines, #2)",Richelle Mead,2012
78,"Free Four: Tobias Tells the Divergent Knife-Throwing Scene (Divergent, #1.5)",Veronica Roth,2012
79,"Losing It (Losing It, #1)",Cora Carmack,2012
80,Drama,Raina Telgemeier,2012
81,The Round House,Louise Erdrich,2012
82,American Sniper: The Autobiography of the Most Lethal Sniper in U.S. Military History,Chris Kyle,2012
83,Where We Belong,Emily Giffin,2012
84,"The False Prince (Ascendance, #1)",Jennifer A. Nielsen,2012
85,"This Man (This Man, #1)",Jodi Ellen Malpas,2012
86,Son,Lois Lowry,2012
87,Tiny Beautiful Things: Advice on Love and Life from Dear Sugar,Cheryl Strayed,2012
88,The Sea of Tranquility,Katja Millay,2012
89,"Gabriel's Rapture (Gabriel's Inferno, #2)",Sylvain Reynard,2012
90,"The Rise of Nine (Lorien Legacies, #3)",Pittacus Lore,2012
91,"Origin (Lux, #4)",Jennifer L. Armentrout,2012
92,The Art Forger,Barbara A. Shapiro,2012
93,Bring Up the Bodies,Hilary Mantel,2012
94,"Partials (Partials Sequence, #1)",Dan Wells,2012
95,"Rule (Marked Men, #1)",Jay Crownover,2012
96,"Seraphina (Seraphina, #1)",Rachel Hartman,2012
97,"Destroy Me (Shatter Me, #1.5)",Tahereh Mafi,2012
98,The Righteous Mind: Why Good People Are Divided by Politics and Religion,Jonathan Haidt,2012
99,Flight Behavior,Barbara Kingsolver,2012
100,"Ten Tiny Breaths (Ten Tiny Breaths, #1)",K.A. Tucker,2012
101,The Age of Miracles,Karen Thompson Walker,2012
102,The Story of a New Name,Elena Ferrante,2012
103,Escape from Camp 14: One Man's Remarkable Odyssey from North Korea to Freedom in the West,Blaine Harden,2012
104,"Deadlocked (Sookie Stackhouse, #12)",Charlaine Harris,2012
105,Redshirts,John Scalzi,2012
106,"Beautiful Redemption (Caster Chronicles, #4)",Kami Garcia,2012
107,"Hallowed (Unearthly, #2)",Cynthia Hand,2012
108,"The Twelve (The Passage, #2)",Justin Cronin,2012
109,"The Third Wheel (Diary of a Wimpy Kid, #7)",Jeff Kinney,2012
110,Love Does: Discover a Secretly Incredible Life in an Ordinary World,Bob Goff,2012
111,"The Gathering (Darkness Rising, #1)",Kelley Armstrong,2012
112,"Naked (The Blackstone Affair, #1)",Raine Miller,2012
113,"Caliban's War (The Expanse, #2)",James S.A. Corey,2012
114,The Shoemaker's Wife,Adriana Trigiani,2012
115,"Everneath (Everneath, #1)",Brodi Ashton,2012
116,Home Front,Kristin Hannah,2012
117,"The Innocent (Will Robie, #1)",David Baldacci,2012
118,"Cold Days (The Dresden Files, #14)",Jim Butcher,2012
119,Second Chance Summer,Morgan Matson,2012
120,"Of Poseidon (The Syrena Legacy, #1)",Anna Banks,2012
121,"The Evolution of Mara Dyer (Mara Dyer, #2)",Michelle Hodkin,2012
122,Antifragile: Things That Gain from Disorder,Nassim Nicholas Taleb,2012
123,"Hidden (House of Night, #10)",P.C. Cast,2012
124,"Lover Reborn (Black Dagger Brotherhood, #10)",J.R. Ward,2012
125,The Miracle Morning: The Not-So-Obvious Secret Guaranteed to Transform Your Life: Before 8AM,Hal Elrod,2012
126,"Why Nations Fail: The Origins of Power, Prosperity, and Poverty",Daron Acemoğlu,2012
127,"The Mighty Storm (The Storm, #1)",Samantha Towle,2012
128,"I Hunt Killers (I Hunt Killers, #1)",Barry Lyga,2012
129,The Zombie Room,R.D. Ronald,2012
130,"Crash (Crash, #1)",Nicole  Williams,2012
131,"The Secret of Ella and Micha (The Secret, #1)",Jessica Sorensen,2012
132,The Hunger Games Tribute Guide,Emily Seife,2012
133,The Emperor's Soul,Brandon Sanderson,2012
134,"A Million Suns (Across the Universe, #2)",Beth Revis,2012
135,"The Blinding Knife (Lightbringer, #2)",Brent Weeks,2012
136,The Signal and the Noise: Why So Many Predictions Fail—But Some Don't,Nate Silver,2012
137,"Once Burned (Night Prince, #1)",Jeaniene Frost,2012
138,The Chaperone,Laura Moriarty,2012
139,"The Wind Through the Keyhole (The Dark Tower, #4.5)",Stephen King,2012
140,"Unspoken (The Lynburn Legacy, #1)",Sarah Rees Brennan,2012
141,"Pure (Covenant, #2)",Jennifer L. Armentrout,2012
142,The Racketeer,John Grisham,2012
143,Mastery,Robert Greene,2012
144,"Mile High (Up in the Air, #2)",R.K. Lilley,2012
145,The End of Your Life Book Club,Will Schwalbe,2012
146,"Alice in Zombieland (White Rabbit Chronicles, #1)",Gena Showalter,2012
147,"The Rook (The Checquy Files, #1)",Daniel O'Malley,2012
148,"The Long Earth (The Long Earth, #1)",Terry Pratchett,2012
149,"Spell Bound (Hex Hall, #3)",Rachel Hawkins,2012
150,Imagine: How Creativity Works,Jonah Lehrer,2012
151,Proof of Heaven: A Neurosurgeon's Journey into the Afterlife,Eben Alexander,2012
152,So Good They Can't Ignore You: Why Skills Trump Passion in the Quest for Work You Love,Cal Newport,2012
153,The Witness,Nora Roberts,2012
154,The Smitten Kitchen Cookbook,Deb Perelman,2012
155,The Dog Stars,Peter Heller,2012
156,"The Perfect Game (The Perfect Game, #1)",J. Sterling,2012
157,"Earth Unaware (The First Formic War, #1)",Orson Scott Card,2012
158,"Incarnate (Newsoul, #1)",Jodi Meadows,2012
159,"Fallen in Love (Fallen, #3.5)",Lauren Kate,2012
160,Killing Kennedy: The End of Camelot,Bill O'Reilly,2012
161,"UnWholly (Unwind, #2)",Neal Shusterman,2012
162,"Slammed (Slammed, #1)",Colleen Hoover,2012
163,"Deity (Covenant, #3)",Jennifer L. Armentrout,2012
164,"Seduced in the Dark (The Dark Duet, #2)",C.J. Roberts,2012
165,The Last Guardian (Artemis Fowl #8),Eoin Colfer,2012
166,"Barely Breathing (Breathing, #2)",Rebecca    Donovan,2012
167,"Notorious Nineteen (Stephanie Plum, #19)",Janet Evanovich,2012
168,The Demigod Diaries,Rick Riordan,2012
169,"Defiance (Defiance, #1)",C.J. Redwine,2012
170,"While It Lasts (Sea Breeze, #3)",Abbi Glines,2012
171,"Forever My Girl (Beaumont, #1)",Heidi McLaughlin,2012
172,"Fallen Crest High (Fallen Crest High, #1)",Tijan,2012
173,Lone Wolf,Jodi Picoult,2012
174,"Between the Lines (Between the Lines, #1)",Jodi Picoult,2012
175,The Painted Girls,Cathy Marie Buchanan,2012
176,"Starters (Starters, #1)",Lissa Price,2012
177,"Because of Low (Sea Breeze, #2)",Abbi Glines,2012
178,"Article 5 (Article 5, #1)",Kristen Simmons,2012
179,Calling Me Home,Julie Kibler,2012
180,"Out of Sight, Out of Time (Gallagher Girls, #5)",Ally Carter,2012
181,"A Shade of Vampire (A Shade of Vampire, #1)",Bella Forrest,2012
182,"The Assassin and the Pirate Lord (Throne of Glass, #0.1)",Sarah J. Maas,2012
183,"King of Thorns (The Broken Empire, #2)",Mark  Lawrence,2012
184,"Fear (Gone, #5)",Michael  Grant,2012
185,Free Will,Sam Harris,2012
186,The Orchardist,Amanda Coplin,2012
187,Adultery,Paulo Coelho,2012
188,"Taking Chances (Taking Chances, #1)",Molly McAdams,2012
189,"Knight (Unfinished Hero, #1)",Kristen Ashley,2012
190,"Keeper of the Lost Cities (Keeper of the Lost Cities, #1)",Shannon Messenger,2012
191,How Will You Measure Your Life?,Clayton M. Christensen,2012
192,The Girl You Left Behind,Jojo Moyes,2012
193,"Reflected in You (Crossfire, #2)",Sylvia Day,2012
194,The Snow Child,Eowyn Ivey,2012
195,"Point of Retreat (Slammed, #2)",Colleen Hoover,2012
196,"Broken Harbor (Dublin Murder Squad, #4)",Tana French,2012
197,"In Flight (Up in the Air, #1)",R.K. Lilley,2012
198,Elizabeth the Queen: The Life of a Modern Monarch,Sally Bedell Smith,2012
199,"The Marriage Bargain (Marriage to a Billionaire, #1)",Jennifer Probst,2012
200,"Come Away with Me (With Me in Seattle, #1)",Kristen Proby,2012
1,"Divergent (Divergent, #1)",Veronica Roth,2011
2,"Fifty Shades of Grey (Fifty Shades, #1)",E.L. James,2011
3,Steve Jobs,Walter Isaacson,2011
4,"Miss Peregrine's Home for Peculiar Children (Miss Peregrine's Peculiar Children, #1)",Ransom Riggs,2011
5,The Night Circus,Erin Morgenstern,2011
6,Bossypants,Tina Fey,2011
7,"Ready Player One (Ready Player One, #1)",Ernest Cline,2011
8,Sapiens: A Brief History of Humankind,Yuval Noah Harari,2011
9,"Thinking, Fast and Slow",Daniel Kahneman,2011
10,"Beautiful Disaster (Beautiful, #1)",Jamie McGuire,2011
11,"Fifty Shades Darker (Fifty Shades, #2)",E.L. James,2011
12,"A Dance with Dragons (A Song of Ice and Fire, #5)",George R.R. Martin,2011
13,"Legend (Legend, #1)",Marie Lu,2011
14,Is Everyone Hanging Out Without Me?,Mindy Kaling,2011
15,"City of Fallen Angels (The Mortal Instruments, #4)",Cassandra Clare,2011
16,11/22/1963,Stephen King,2011
17,"Clockwork Prince (The Infernal Devices, #2)",Cassandra Clare,2011
18,"Delirium (Delirium, #1)",Lauren Oliver,2011
19,"A Discovery of Witches (All Souls Trilogy, #1)",Deborah Harkness,2011
20,"Daughter of Smoke & Bone (Daughter of Smoke & Bone, #1)",Laini Taylor,2011
21,"Shatter Me (Shatter Me, #1)",Tahereh Mafi,2011
22,"The Son of Neptune (The Heroes of Olympus, #2)",Rick Riordan,2011
23,The Lean Startup: How Today's Entrepreneurs Use Continuous Innovation to Create Radically Successful Businesses,Eric Ries,2011
24,The Song of Achilles,Madeline Miller,2011
25,"The Wise Man's Fear (The Kingkiller Chronicle, #2)",Patrick Rothfuss,2011
26,The Life-Changing Magic of Tidying Up: The Japanese Art of Decluttering and Organizing,Marie Kondō,2011
27,Before I Go to Sleep,S.J. Watson,2011
28,"The Death Cure (The Maze Runner, #3)",James Dashner,2011
29,The Paris Wife,Paula McLain,2011
30,"Obsidian (Lux, #1)",Jennifer L. Armentrout,2011
31,"Where She Went (If I Stay, #2)",Gayle Forman,2011
32,Attachments,Rainbow Rowell,2011
33,Between Shades of Gray,Ruta Sepetys,2011
34,"Silence (Hush, Hush, #3)",Becca Fitzpatrick,2011
35,"Inheritance (The Inheritance Cycle, #4)",Christopher Paolini,2011
36,"Bloodlines (Bloodlines, #1)",Richelle Mead,2011
37,"Across the Universe (Across the Universe, #1)",Beth Revis,2011
38,"Unearthly (Unearthly, #1)",Cynthia Hand,2011
39,Catherine the Great: Portrait of a Woman,Robert K. Massie,2011
40,"Leviathan Wakes (The Expanse, #1)",James S.A. Corey,2011
41,I've Got Your Number,Sophie Kinsella,2011
42,"In the Garden of Beasts: Love, Terror, and an American Family in Hitler's Berlin",Erik Larson,2011
43,"The Unbecoming of Mara Dyer (Mara Dyer, #1)",Michelle Hodkin,2011
44,The Language of Flowers,Vanessa Diffenbaugh,2011
45,"The Twilight Saga Breaking Dawn Part 1: The Official Illustrated Movie Companion (The Twilight Saga: The Official Illustrated Movie Companion, #4)",Mark Cotta Vaz,2011
46,The Psychopath Test: A Journey Through the Madness Industry,Jon Ronson,2011
47,"The Throne of Fire (The Kane Chronicles, #2)",Rick Riordan,2011
48,"Lola and the Boy Next Door (Anna and the French Kiss, #2)",Stephanie Perkins,2011
49,"Anna Dressed in Blood (Anna, #1)",Kendare Blake,2011
50,Rules of Civility,Amor Towles,2011
51,"Crossed (Matched, #2)",Ally Condie,2011
52,"Passion (Fallen, #3)",Lauren Kate,2011
53,State of Wonder,Ann Patchett,2011
54,"Gabriel's Inferno (Gabriel's Inferno, #1)",Sylvain Reynard,2011
55,"Half-Blood (Covenant, #1)",Jennifer L. Armentrout,2011
56,Seriously... I'm Kidding,Ellen DeGeneres,2011
57,How to Be a Woman,Caitlin Moran,2011
58,"Wither (The Chemical Garden, #1)",Lauren DeStefano,2011
59,The Sense of an Ending,Julian Barnes,2011
60,"Angelfall (Penryn & the End of Days, #1)",Susan Ee,2011
61,Moonwalking with Einstein: The Art and Science of Remembering Everything,Joshua Foer,2011
62,"The Girl of Fire and Thorns (Fire and Thorns, #1)",Rae Carson,2011
63,"The Alloy of Law (Mistborn, #4)",Brandon Sanderson,2011
64,"Prince of Thorns (The Broken Empire, #1)",Mark  Lawrence,2011
65,"Forever (The Wolves of Mercy Falls, #3)",Maggie Stiefvater,2011
66,The Marriage Plot,Jeffrey Eugenides,2011
67,"Playing for Keeps (Neighbor from Hell, #1)",R.L. Mathewson,2011
68,Essentialism: The Disciplined Pursuit of Less,Greg McKeown,2011
69,"Born at Midnight (Shadow Falls, #1)",C.C. Hunter,2011
70,"Awakened (House of Night, #8)",P.C. Cast,2011
71,The Scorpio Races,Maggie Stiefvater,2011
72,"The Power of Six (Lorien Legacies, #2)",Pittacus Lore,2011
73,A Stolen Life,Jaycee Dugard,2011
74,Anya's Ghost,Vera Brosgol,2011
75,Night Road,Kristin Hannah,2011
76,Killing Lincoln: The Shocking Assassination that Changed America Forever,Bill O'Reilly,2011
77,The Art of Fielding,Chad Harbach,2011
78,My Brilliant Friend,Elena Ferrante,2011
79,"Enclave (Razorland, #1)",Ann Aguirre,2011
80,"The Iron Queen (The Iron Fey, #3)",Julie Kagawa,2011
81,Death Comes to Pemberley,P.D. James,2011
82,The Tiger's Wife,Téa Obreht,2011
83,"Beautiful Chaos (Caster Chronicles, #3)",Kami Garcia,2011
84,"Dead Reckoning (Sookie Stackhouse, #11)",Charlaine Harris,2011
85,"Destiny of the Republic: A Tale of Madness, Medicine and the Murder of a President",Candice Millard,2011
86,"Cabin Fever (Diary of a Wimpy Kid, #6)",Jeff Kinney,2011
87,"We'll Always Have Summer (Summer, #3)",Jenny Han,2011
88,"Wool (Wool, #1)",Hugh Howey,2011
89,"Breathe (Sea Breeze, #1)",Abbi Glines,2011
90,"Demonglass (Hex Hall, #2)",Rachel Hawkins,2011
91,"Starcrossed (Starcrossed, #1)",Josephine Angelini,2011
92,"The Lady of the Rivers (The Plantagenet and Tudor Novels, #1; Cousins War #3)",Philippa Gregory,2011
93,The Hypnotist's Love Story,Liane Moriarty,2011
94,What Happened to Goodbye,Sarah Dessen,2011
95,"Effortless (Thoughtless, #2)",S.C. Stephens,2011
96,"Reason to Breathe (Breathing, #1)",Rebecca    Donovan,2011
97,"Captive in the Dark (The Dark Duet, #1)",C.J. Roberts,2011
98,"The Iron Knight (The Iron Fey, #4)",Julie Kagawa,2011
99,The Dovekeepers,Alice Hoffman,2011
100,"Shadowfever (Fever, #5)",Karen Marie Moning,2011
101,"Die for Me (Revenants, #1)",Amy Plum,2011
102,"Blood Red Road (Dust Lands, #1)",Moira Young,2011
103,"First Grave on the Right (Charley Davidson, #1)",Darynda Jones,2011
104,The Sisters Brothers,Patrick deWitt,2011
105,"Hounded (The Iron Druid Chronicles, #1)",Kevin Hearne,2011
106,Why We Broke Up,Daniel Handler,2011
107,"Tiger's Curse (The Tiger Saga, #1)",Colleen Houck,2011
108,Beauty Queens,Libba Bray,2011
109,"Destined (House of Night, #9)",P.C. Cast,2011
110,"Blood Song (Raven's Shadow, #1)",Anthony Ryan,2011
111,Sing You Home,Jodi Picoult,2011
112,"The Magician King (The Magicians, #2)",Lev Grossman,2011
113,"The Goddess Test (Goddess Test, #1)",Aimee Carter,2011
114,"You Are Not So Smart: Why You Have Too Many Friends on Facebook, Why Your Memory Is Mostly Fiction, and 46 Other Ways You're Deluding Yourself",David McRaney,2011
115,"Lover Unleashed (Black Dagger Brotherhood, #9)",J.R. Ward,2011
116,Stories I Only Tell My Friends,Rob Lowe,2011
117,"The Girl Who Circumnavigated Fairyland in a Ship of Her Own Making (Fairyland, #1)",Catherynne M. Valente,2011
118,Catching Jordan,Miranda Kenneally,2011
119,Left Neglected,Lisa Genova,2011
120,"The Vincent Boys (The Vincent Boys, #1)",Abbi Glines,2011
121,"The Willpower Instinct: How Self-Control Works, Why It Matters, and What You Can Do to Get More of It",Kelly McGonigal,2011
122,Salvage the Bones,Jesmyn Ward,2011
123,"Rivers of London (Rivers of London, #1)",Ben Aaronovitch,2011
124,"Theft of Swords (The Riyria Revelations, #1-2)",Michael J. Sullivan,2011
125,"Mystery Man (Dream Man, #1)",Kristen Ashley,2011
126,"The Next Always (Inn BoonsBoro Trilogy, #1)",Nora Roberts,2011
127,Wonderstruck,Brian Selznick,2011
128,"Ghost Story (The Dresden Files, #13)",Jim Butcher,2011
129,One Thousand Gifts: A Dare to Live Fully Right Where You Are,Ann Voskamp,2011
130,The Boy Who Sneaks in My Bedroom Window,Kirsty Moseley,2011
131,"Chain Reaction (Perfect Chemistry, #3)",Simone Elkeles,2011
132,"Eve (Eve, #1)",Anna Carey,2011
133,"The Affair (Jack Reacher, #16)",Lee Child,2011
134,Inside Out & Back Again,Thanhha Lai,2011
135,The Lover's Dictionary,David Levithan,2011
136,Principles: Life and Work,Ray Dalio,2011
137,"Angelfire (Angelfire, #1)",Courtney Allison Moulton,2011
138,The Peach Keeper,Sarah Addison Allen,2011
139,"Explosive Eighteen (Stephanie Plum, #18)",Janet Evanovich,2011
140,The Lost Wife,Alyson Richman,2011
141,"Only Time Will Tell (The Clifton Chronicles, #1)",Jeffrey Archer,2011
142,Caleb's Crossing,Geraldine Brooks,2011
143,"Revolution 2020: Love, Corruption, Ambition",Chetan Bhagat,2011
144,The Pioneer Woman Cooks: Food from My Frontier,Ree Drummond,2011
145,"River Marked (Mercy Thompson, #6)",Patricia Briggs,2011
146,A Monster Calls,Patrick Ness,2011
147,"Touch of Power (Healer, #1)",Maria V. Snyder,2011
148,"The Opportunist (Love Me with Lies, #1)",Tarryn Fisher,2011
149,"Awake at Dawn (Shadow Falls, #2)",C.C. Hunter,2011
150,"The Prisoner of Heaven (The Cemetery of Forgotten Books, #3)",Carlos Ruiz Zafón,2011
151,If You Ask Me,Betty White,2011
152,"Zero Day (John Puller, #1)",David Baldacci,2011
153,Dreams of Joy (Shanghai Girls #2),Lisa See,2011
154,Why Be Happy When You Could Be Normal?,Jeanette Winterson,2011
155,"Perfection (Neighbor from Hell, #2)",R.L. Mathewson,2011
156,"Plague (Gone, #4)",Michael  Grant,2011
157,The Future of Us,Jay Asher,2011
158,"The Pledge (The Pledge, #1)",Kimberly Derting,2011
159,A Game of Thrones #1,Daniel Abraham,2011
160,"The Warlock (The Secrets of the Immortal Nicholas Flamel, #5)",Michael Scott,2011
161,Habibi,Craig Thompson,2011
162,Entwined,Heather Dixon Wallwork,2011
163,"Consequences (Consequences, #1)",Aleatha Romig,2011
164,Reamde,Neal Stephenson,2011
165,"Angel (Maximum Ride, #7)",James Patterson,2011
166,"Magic Slays (Kate Daniels, #5)",Ilona Andrews,2011
167,"Everlasting (The Immortals, #6)",Alyson Noel,2011
168,"Damned (Damned, #1)",Chuck Palahniuk,2011
169,"This Side of the Grave (Night Huntress, #5)",Jeaniene Frost,2011
170,"Dragon Bound (Elder Races, #1)",Thea Harrison,2011
171,"The Perfect Play (Play by Play, #1)",Jaci Burton,2011
172,"Prince of Wolves (The Grey Wolves, #1)",Quinn Loftis,2011
173,Wolfsbane (Nightshade #2; Nightshade World #5),Andrea Cremer,2011
174,"UnEnchanted (An Unfortunate Fairy Tale, #1)",Chanda Hahn,2011
175,The Weird Sisters,Eleanor Brown,2011
176,The Leftovers,Tom Perrotta,2011
177,The Litigators,John Grisham,2011
178,"Lost in Shangri-la: A True Story of Survival, Adventure, and the Most Incredible Rescue Mission of World War II",Mitchell Zuckoff,2011
179,"The House of Silk (Horowitz's Holmes, #1)",Anthony Horowitz,2011
180,"Abandon (Abandon, #1)",Meg Cabot,2011
181,These Things Hidden,Heather Gudenkauf,2011
182,"The Gray Wolf Throne (Seven Realms, #3)",Cinda Williams Chima,2011
183,"On the Island (On the Island, #1)",Tracey Garvis Graves,2011
184,This is the Story of a Happy Marriage,Ann Patchett,2011
185,"Ashfall (Ashfall, #1)",Mike Mullin,2011
186,"Snuff (Discworld, #39; City Watch #8)",Terry Pratchett,2011
187,"The Fifth Witness (Mickey Haller, #4; Harry Bosch Universe, #22)",Michael Connelly,2011
188,Not a Fan: Becoming a Completely Committed Follower of Jesus,Kyle Idleman,2011
189,"Supernaturally (Paranormalcy, #2)",Kiersten White,2011
190,"Akata Witch (Akata Witch, #1)",Nnedi Okorafor,2011
191,Battle Hymn of the Tiger Mother,Amy Chua,2011
192,The Buddha in the Attic,Julie Otsuka,2011
193,Lies That Chelsea Handler Told Me,Chelsea Handler,2011
194,Incognito: The Secret Lives of the Brain,David Eagleman,2011
195,"A World Without Heroes (Beyonders, #1)",Brandon Mull,2011
196,"Awaken (Awaken, #1)",Katie Kacvinsky,2011
197,The Secret of the Nagas (Shiva Trilogy #2),Amish Tripathi,2011
198,Swamplandia!,Karen Russell,2011
199,Go the F**k to Sleep,Adam Mansbach,2011
200,"Flat-Out Love (Flat-Out Love, #1)",Jessica Park,2011
1,The Goldfinch,Donna Tartt,2013
2,Fangirl,Rainbow Rowell,2013
3,"Allegiant (Divergent, #3)",Veronica Roth,2013
4,The Ocean at the End of the Lane,Neil Gaiman,2013
5,"The Cuckoo's Calling (Cormoran Strike, #1)",Robert Galbraith,2013
6,"The 5th Wave (The 5th Wave, #1)",Rick Yancey,2013
7,"Inferno (Robert Langdon, #4)",Dan Brown,2013
8,"The Rosie Project (Don Tillman, #1)",Graeme Simsion,2013
9,The Husband's Secret,Liane Moriarty,2013
10,"The Elite (The Selection, #2)",Kiera Cass,2013
11,Orphan Train,Christina Baker Kline,2013
12,Americanah,Chimamanda Ngozi Adichie,2013
13,"Crown of Midnight (Throne of Glass, #2)",Sarah J. Maas,2013
14,"Scarlet (The Lunar Chronicles, #2)",Marissa Meyer,2013
15,"Crazy Rich Asians (Crazy Rich Asians, #1)",Kevin Kwan,2013
16,"Lean In: Women, Work, and the Will to Lead",Sheryl Sandberg,2013
17,"Clockwork Princess (The Infernal Devices, #3)",Cassandra Clare,2013
18,"The House of Hades (The Heroes of Olympus, #4)",Rick Riordan,2013
19,"Life After Life (Todd Family, #1)",Kate Atkinson,2013
20,You Are a Badass: How to Stop Doubting Your Greatness and Start Living an Awesome Life,Jen Sincero,2013
21,The Boys in the Boat: Nine Americans and Their Epic Quest for Gold at the 1936 Berlin Olympics,Daniel James Brown,2013
22,Doctor Sleep,Stephen King,2013
23,"Prodigy (Legend, #2)",Marie Lu,2013
24,"Hyperbole and a Half: Unfortunate Situations, Flawed Coping Mechanisms, Mayhem, and Other Things That Happened",Allie Brosh,2013
25,"Siege and Storm (The Shadow and Bone Trilogy, #2)",Leigh Bardugo,2013
26,My Grandmother Asked Me to Tell You She's Sorry,Fredrik Backman,2013
27,"Unravel Me (Shatter Me, #2)",Tahereh Mafi,2013
28,"David and Goliath: Underdogs, Misfits, and the Art of Battling Giants",Malcolm Gladwell,2013
29,The Circle,Dave Eggers,2013
30,The Storyteller,Jodi Picoult,2013
31,"Champion (Legend, #3)",Marie Lu,2013
32,"Beautiful Bastard (Beautiful Bastard, #1)",Christina Lauren,2013
33,"Entwined with You (Crossfire, #3)",Sylvia Day,2013
34,"Walking Disaster (Beautiful, #2)",Jamie McGuire,2013
35,"The Dream Thieves (The Raven Cycle, #2)",Maggie Stiefvater,2013
36,"Wait for You (Wait for You, #1)",J. Lynn,2013
37,"Steelheart (The Reckoners, #1)",Brandon Sanderson,2013
38,Let's Explore Diabetes with Owls,David Sedaris,2013
39,"Requiem (Delirium, #3)",Lauren Oliver,2013
40,Reconstructing Amelia,Kimberly McCreight,2013
41,"The Golem and the Jinni (The Golem and the Jinni, #1)",Helene Wecker,2013
42,The Interestings,Meg Wolitzer,2013
43,NOS4A2,Joe Hill,2013
44,"These Broken Stars (Starbound, #1)",Amie Kaufman,2013
45,Joyland,Stephen King,2013
46,A Tale for the Time Being,Ruth Ozeki,2013
47,"Vicious (Villains, #1)",V.E. Schwab,2013
48,"Losing Hope (Hopeless, #2)",Colleen Hoover,2013
49,I Am Pilgrim,Terry Hayes,2013
50,Burial Rites,Hannah Kent,2013
51,The Signature of All Things,Elizabeth Gilbert,2013
52,The Luminaries,Eleanor Catton,2013
53,"Tangled (Tangled, #1)",Emma Chase,2013
54,The Silent Wife,A.S.A. Harrison,2013
55,The Lowland,Jhumpa Lahiri,2013
56,"Just One Day (Just One Day, #1)",Gayle Forman,2013
57,Ordinary Grace,William Kent Krueger,2013
58,The Distance Between Us,Kasie West,2013
59,We Are All Completely Beside Ourselves,Karen Joy Fowler,2013
60,"Never Too Far (Rosemary Beach, #2; Too Far, #2)",Abbi Glines,2013
61,"The Indigo Spell (Bloodlines, #3)",Richelle Mead,2013
62,"A Memory of Light (The Wheel of Time, #14)",Robert Jordan,2013
63,"Real (Real, #1)",Katy Evans,2013
64,"Ancillary Justice (Imperial Radch, #1)",Ann Leckie,2013
65,"After We Collided (After, #2)",Anna Todd,2013
66,"Never Fade (The Darkest Minds, #2)",Alexandra Bracken,2013
67,The Little Paris Bookshop,Nina George,2013
68,Zealot: The Life and Times of Jesus of Nazareth,Reza Aslan,2013
69,The Everything Store: Jeff Bezos and the Age of Amazon,Brad Stone,2013
70,The Coldest Girl in Coldtown,Holly Black,2013
71,The House Girl,Tara Conklin,2013
72,"This Girl (Slammed, #3)",Colleen Hoover,2013
73,"Splintered (Splintered, #1)",A.G. Howard,2013
74,"The Prince (The Selection, #0.5)",Kiera Cass,2013
75,The One Thing: The Surprisingly Simple Truth Behind Extraordinary Results,Gary Keller,2013
76,"The Archived (The Archived, #1)",Victoria Schwab,2013
77,Spilled Milk,K.L. Randis,2013
78,Counting by 7s,Holly Goldberg Sloan,2013
79,"The Program (The Program, #1)",Suzanne Young,2013
80,"Saga, Vol. 2",Brian K. Vaughan,2013
81,"The Republic of Thieves (Gentleman Bastard, #3)",Scott Lynch,2013
82,Love & Misadventure,Lang Leav,2013
83,"The Bone Season (The Bone Season, #1)",Samantha Shannon,2013
84,"The Testing (The Testing, #1)",Joelle Charbonneau,2013
85,The Aviator's Wife,Melanie Benjamin,2013
86,Tenth of December,George Saunders,2013
87,"Captive Prince (Captive Prince, #1)",C.S. Pacat,2013
88,"Bully (Fall Away, #1)",Penelope Douglas,2013
89,"Reckless (Thoughtless, #3)",S.C. Stephens,2013
90,Dad Is Fat,Jim Gaffigan,2013
91,"MaddAddam (MaddAddam, #3)",Margaret Atwood,2013
92,"The Fiery Heart (Bloodlines, #4)",Richelle Mead,2013
93,More Than This,Patrick Ness,2013
94,"Necessary Lies (Necessary Lies, #1)",Diane Chamberlain,2013
95,"Through the Ever Night (Under the Never Sky, #2)",Veronica Rossi,2013
96,"Someday, Someday, Maybe",Lauren Graham,2013
97,"Sycamore Row (Jake Brigance, #2)",John Grisham,2013
98,"Release Me (Stark Trilogy, #1)",J. Kenner,2013
99,"Forever Too Far (Rosemary Beach, #3; Too Far, #3)",Abbi Glines,2013
100,The Humans,Matt Haig,2013
101,Leaders Eat Last,Simon Sinek,2013
102,Night Film,Marisha Pessl,2013
103,"The Transfer (Divergent, #0.1)",Veronica Roth,2013
104,The Silver Star,Jeannette Walls,2013
105,"Beautiful Stranger (Beautiful Bastard, #2)",Christina Lauren,2013
106,"Forgive Me, Leonard Peacock",Matthew Quick,2013
107,"Fly Away (Firefly Lane, #2)",Kristin Hannah,2013
108,"This Is What Happy Looks Like (This is What Happy Looks Like, #1)",Jennifer E. Smith,2013
109,An Astronaut's Guide to Life on Earth,Chris Hadfield,2013
110,"Rush (Breathless, #1)",Maya Banks,2013
111,Two Boys Kissing,David Levithan,2013
112,The Beginning of Everything,Robyn Schneider,2013
113,"Down to You (The Bad Boys, #1)",Michelle Leighton,2013
114,A House in the Sky,Amanda Lindhout,2013
115,Those Who Leave and Those Who Stay,Elena Ferrante,2013
116,"This Man Confessed (This Man, #3)",Jodi Ellen Malpas,2013
117,The First Phone Call from Heaven,Mitch Albom,2013
118,"Asylum (Asylum, #1)",Madeleine Roux,2013
119,Capital in the Twenty-First Century,Thomas Piketty,2013
120,"Hard Luck (Diary of a Wimpy Kid, #8)",Jeff Kinney,2013
121,Out of the Easy,Ruta Sepetys,2013
122,"The 100 (The 100, #1)",Kass Morgan,2013
123,"Lick (Stage Dive, #1)",Kylie Scott,2013
124,"Lover at Last (Black Dagger Brotherhood, #11)",J.R. Ward,2013
125,"Written in Red (The Others, #1)",Anne Bishop,2013
126,"The Fall of Five (Lorien Legacies, #4)",Pittacus Lore,2013
127,"Promise of Blood (Powder Mage, #1)",Brian  McClellan,2013
128,"Twisted Perfection (Rosemary Beach, #5; Perfection, #1)",Abbi Glines,2013
129,"Collide (Collide, #1)",Gail McHugh,2013
130,"Abaddon's Gate (The Expanse, #3)",James S.A. Corey,2013
131,"Dead Ever After (Sookie Stackhouse, #13)",Charlaine Harris,2013
132,"Shift (Shift, #1-3; Silo, #2)",Hugh Howey,2013
133,"Etiquette & Espionage (Finishing School, #1)",Gail Carriger,2013
134,Give and Take: A Revolutionary Approach to Success,Adam M. Grant,2013
135,A Constellation of Vital Phenomena,Anthony Marra,2013
136,Hooked: How to Build Habit-Forming Products,Nir   Eyal,2013
137,"March: Book One (March, #1)",John             Lewis,2013
138,The House We Grew Up In,Lisa Jewell,2013
139,Z: A Novel of Zelda Fitzgerald,Therese Anne Fowler,2013
140,"Beautiful Player (Beautiful Bastard, #3)",Christina Lauren,2013
141,Wedding Night,Sophie Kinsella,2013
142,"Braiding Sweetgrass: Indigenous Wisdom, Scientific Knowledge, and the Teachings of Plants",Robin Wall Kimmerer,2013
143,Longbourn,Jo Baker,2013
144,"World After (Penryn & the End of Days, #2)",Susan Ee,2013
145,The Shining Girls,Lauren Beukes,2013
146,"A Beautiful Wedding (Beautiful, #2.5)",Jamie McGuire,2013
147,Six Years,Harlan Coben,2013
148,Contagious: Why Things Catch On,Jonah Berger,2013
149,"Beauty from Pain (Beauty, #1)",Georgia Cates,2013
150,"Fracture Me (Shatter Me, #2.5)",Tahereh Mafi,2013
151,"Falling into You (Falling, #1)",Jasinda Wilder,2013
152,The Burgess Boys,Elizabeth Strout,2013
153,The Narrow Road to the Deep North,Richard Flanagan,2013
154,The Shadowhunter's Codex,Cassandra Clare,2013
155,"The Madman’s Daughter (The Madman’s Daughter, #1)",Megan Shepherd,2013
156,"The Oath of the Vayuputras (Shiva Trilogy, #3)",Amish Tripathi,2013
157,"Fortunately, the Milk",Neil Gaiman,2013
158,"Boundless (Unearthly, #3)",Cynthia Hand,2013
159,"A Knight of the Seven Kingdoms (The Tales of Dunk and Egg, #1-3)",George R.R. Martin,2013
160,"Grounded (Up in the Air, #3)",R.K. Lilley,2013
161,"Pivot Point (Pivot Point, #1)",Kasie West,2013
162,What She Left Behind,Ellen Marie Wiseman,2013
163,We Are Water,Wally Lamb,2013
164,The Moon and More,Sarah Dessen,2013
165,"Dark Witch (The Cousins O'Dwyer Trilogy, #1)",Nora Roberts,2013
166,"Beneath This Man (This Man, #2)",Jodi Ellen Malpas,2013
167,"The Foxhole Court (All for the Game, #1)",Nora Sakavic,2013
168,"One Summer: America, 1927",Bill Bryson,2013
169,The Paris Architect,Charles Belfoure,2013
170,"One Week Girlfriend (One Week Girlfriend, #1)",Monica  Murphy,2013
171,"The Son of Sobek (Percy Jackson & Kane Chronicles Crossover, #1)",Rick Riordan,2013
172,Empty Mansions: The Mysterious Life of Huguette Clark and the Spending of a Great American Fortune,Bill Dedman,2013
173,"Hawkeye, Volume 1: My Life as a Weapon",Matt Fraction,2013
174,The Girls of Atomic City: The Untold Story of the Women Who Helped Win World War II,Denise Kiernan,2013
175,"Dare You To (Pushing the Limits, #2)",Katie McGarry,2013
176,A Hundred Summers,Beatriz Williams,2013
177,"Just One Year (Just One Day, #2)",Gayle Forman,2013
178,"Inescapable (The Premonition, #1)",Amy A. Bartol,2013
179,"Going Clear: Scientology, Hollywood, and the Prison of Belief",Lawrence Wright,2013
180,"Down London Road (On Dublin Street, #2)",Samantha Young,2013
181,"Fixed on You (Fixed, #1)",Laurelin Paige,2013
182,"Reboot (Reboot, #1)",Amy Tintera,2013
183,The Day the Crayons Quit,Drew Daywalt,2013
184,"Openly Straight (Openly Straight, #1)",Bill Konigsberg,2013
185,"The White Princess (The Plantagenet and Tudor Novels, #5; Cousins War #5)",Philippa Gregory,2013
186,This Song Will Save Your Life,Leila Sales,2013
187,"Out of Breath (Breathing, #3)",Rebecca    Donovan,2013
188,"The Redemption of Callie & Kayden (The Coincidence, #2)",Jessica Sorensen,2013
189,"Takedown Twenty (Stephanie Plum, #20)",Janet Evanovich,2013
190,"Apollyon (Covenant, #4)",Jennifer L. Armentrout,2013
191,"Frost Burned (Mercy Thompson, #7)",Patricia Briggs,2013
192,Escape from Mr. Lemoncello's Library (Mr. Lemoncello's Library #1),Chris Grabenstein,2013
193,The Valley of Amazement,Amy Tan,2013
194,My Story,Elizabeth  Smart,2013
195,"Boy, Snow, Bird",Helen Oyeyemi,2013
196,Colorless Tsukuru Tazaki and His Years of Pilgrimage,Haruki Murakami,2013
197,"The School for Good and Evil (The School for Good and Evil, #1)",Soman Chainani,2013
198,"Finding Cinderella (Hopeless, #2.5)",Colleen Hoover,2013
199,"Neanderthal Seeks Human (Knitting in the City, #1)",Penny Reid,2013
200,Gulp: Adventures on the Alimentary Canal,Mary Roach,2013
1,All the Light We Cannot See,Anthony Doerr,2014
2,We Were Liars,E. Lockhart,2014
3,"To All the Boys I've Loved Before (To All the Boys I've Loved Before, #1)",Jenny Han,2014
4,Yes Please,Amy Poehler,2014
5,Milk and Honey,Rupi Kaur,2014
6,Everything I Never Told You,Celeste Ng,2014
7,I'll Give You the Sun,Jandy Nelson,2014
8,Station Eleven,Emily St. John Mandel,2014
9,"City of Heavenly Fire (The Mortal Instruments, #6)",Cassandra Clare,2014
10,"Red Rising (Red Rising Saga, #1)",Pierce Brown,2014
11,"Zero to One: Notes on Startups, or How to Build the Future",Peter Thiel,2014
12,"The One (The Selection, #3)",Kiera Cass,2014
13,"Cress (The Lunar Chronicles, #3)",Marissa Meyer,2014
14,The Invention of Wings,Sue Monk Kidd,2014
15,"Heir of Fire (Throne of Glass, #3)",Sarah J. Maas,2014
16,"Mr. Mercedes (Bill Hodges Trilogy, #1)",Stephen King,2014
17,"The Girl With All the Gifts (The Girl With All the Gifts, #1)",M.R. Carey,2014
18,Landline,Rainbow Rowell,2014
19,We Should All Be Feminists,Chimamanda Ngozi Adichie,2014
20,What If? Serious Scientific Answers to Absurd Hypothetical Questions,Randall Munroe,2014
21,"The Blood of Olympus (The Heroes of Olympus, #5)",Rick Riordan,2014
22,The Good Girl,Mary Kubica,2014
23,Ugly Love,Colleen Hoover,2014
24,Just Mercy: A Story of Justice and Redemption,Bryan Stevenson,2014
25,"The Silkworm (Cormoran Strike, #2)",Robert Galbraith,2014
26,The Storied Life of A.J. Fikry,Gabrielle Zevin,2014
27,"Maybe Someday (Maybe, #1)",Colleen Hoover,2014
28,Being Mortal: Medicine and What Matters in the End,Atul Gawande,2014
29,"Bird Box (Bird Box, #1)",Josh Malerman,2014
30,"Ruin and Rising (The Shadow and Bone Trilogy, #3)",Leigh Bardugo,2014
31,"Annihilation (Southern Reach, #1)",Jeff VanderMeer,2014
32,Big Little Lies,Liane Moriarty,2014
33,"After (After, #1)",Anna Todd,2014
34,"Four: A Divergent Story Collection (Divergent, #0.1-0.4)",Veronica Roth,2014
35,"Hollow City (Miss Peregrine's Peculiar Children, #2)",Ransom Riggs,2014
36,Bad Feminist,Roxane Gay,2014
37,"Ignite Me (Shatter Me, #3)",Tahereh Mafi,2014
38,"The Young Elites (The Young Elites, #1)",Marie Lu,2014
39,"The Assassin's Blade (Throne of Glass, #0.1-0.5)",Sarah J. Maas,2014
40,"Words of Radiance (The Stormlight Archive, #2)",Brandon Sanderson,2014
41,Since You've Been Gone,Morgan Matson,2014
42,"The Kiss of Deception (The Remnant Chronicles, #1)",Mary E. Pearson,2014
43,"The Winner's Curse (The Winner's Trilogy, #1)",Marie Rutkoski,2014
44,"The Book of Life (All Souls Trilogy, #3)",Deborah Harkness,2014
45,"10% Happier: How I Tamed the Voice in My Head, Reduced Stress Without Losing My Edge, and Found Self-Help That Actually Works",Dan   Harris,2014
46,Leaving Time,Jodi Picoult,2014
47,"The Infinite Sea (The 5th Wave, #2)",Rick Yancey,2014
48,The Miniaturist,Jessie Burton,2014
49,"Blue Lily, Lily Blue (The Raven Cycle, #3)",Maggie Stiefvater,2014
50,"Not That Kind of Girl: A Young Woman Tells You What She's ""Learned""",Lena Dunham,2014
51,I Let You Go,Clare Mackintosh,2014
52,"Isla and the Happily Ever After (Anna and the French Kiss, #3)",Stephanie Perkins,2014
53,"The Slow Regard of Silent Things (The Kingkiller Chronicle, #2.5)",Patrick Rothfuss,2014
54,Cruel Beauty,Rosamund Hodge,2014
55,"The Body Keeps the Score: Brain, Mind, and Body in the Healing of Trauma",Bessel A. van der Kolk,2014
56,The Hard Thing About Hard Things: Building a Business When There Are No Easy Answers,Ben Horowitz,2014
57,"You (You, #1)",Caroline Kepnes,2014
58,The Bone Clocks,David Mitchell,2014
59,"Snow Like Ashes (Snow Like Ashes, #1)",Sara Raasch,2014
60,"Written in My Own Heart's Blood (Outlander, #8)",Diana Gabaldon,2014
61,The Bane Chronicles,Cassandra Clare,2014
62,Brown Girl Dreaming,Jacqueline Woodson,2014
63,Love Letters to the Dead,Ava Dellaira,2014
64,"Ms. Marvel, Vol. 1: No Normal",G. Willow Wilson,2014
65,#Girlboss,Sophia Amoruso,2014
66,"Captivated by You (Crossfire, #4)",Sylvia Day,2014
67,"Dreams of Gods and Monsters (Daughter of Smoke and Bone, #3)",Laini Taylor,2014
68,"Dorothy Must Die (Dorothy Must Die, #1)",Danielle  Paige,2014
69,Britt-Marie Was Here,Fredrik Backman,2014
70,Through the Woods,Emily Carroll,2014
71,The Grownup,Gillian Flynn,2014
72,"A Thousand Pieces of You (Firebird, #1)",Claudia Gray,2014
73,The Boston Girl,Anita Diamant,2014
74,The Sixth Extinction: An Unnatural History,Elizabeth Kolbert,2014
75,Revival,Stephen King,2014
76,Men Explain Things to Me,Rebecca Solnit,2014
77,This One Summer,Mariko Tamaki,2014
78,Euphoria,Lily King,2014
79,The Paying Guests,Sarah Waters,2014
80,"The Long Way to a Small, Angry Planet (Wayfarers, #1)",Becky Chambers,2014
81,"My Sister's Grave (Tracy Crosswhite, #1)",Robert Dugoni,2014
82,"Panic (Panic, #1)",Lauren Oliver,2014
83,"Beautiful Oblivion (The Maddox Brothers, #1)",Jamie McGuire,2014
84,"The Iron Trial (Magisterium, #1)",Holly Black,2014
85,"The Life We Bury (Joe Talbert, #1; Max Rupert, #1)",Allen Eskens,2014
86,"After We Fell (After, #3)",Anna Todd,2014
87,The Obstacle Is the Way: The Timeless Art of Turning Trials into Triumph,Ryan Holiday,2014
88,H is for Hawk,Helen Macdonald,2014
89,"Lock In (Lock In, #1)",John Scalzi,2014
90,"The Magician's Land (The Magicians, #3)",Lev Grossman,2014
91,"Opposition (Lux, #5)",Jennifer L. Armentrout,2014
92,The Strange and Beautiful Sorrows of Ava Lavender,Leslye Walton,2014
93,As You Wish: Inconceivable Tales from the Making of The Princess Bride,Cary Elwes,2014
94,The Winter People,Jennifer  McMahon,2014
95,"Saga, Vol. 3",Brian K. Vaughan,2014
96,Smoke Gets in Your Eyes & Other Lessons from the Crematory,Caitlin Doughty,2014
97,The Paper Magician,Charlie N. Holmberg,2014
98,The Vacationers,Emma Straub,2014
99,"The Silent Sister (Riley MacPherson, #1)",Diane Chamberlain,2014
100,"In The Afterlight (The Darkest Minds, #3)",Alexandra Bracken,2014
101,On the Fence,Kasie West,2014
102,"The Rosie Effect (Don Tillman, #2)",Graeme Simsion,2014
103,"The Wicked + The Divine, Vol. 1: The Faust Act",Kieron Gillen,2014
104,Percy Jackson's Greek Gods,Rick Riordan,2014
105,"Rebel Belle (Rebel Belle, #1)",Rachel Hawkins,2014
106,Assuming Names: A Con Artist's Masquerade,Tanya Thompson,2014
107,"The Retribution of Mara Dyer (Mara Dyer, #3)",Michelle Hodkin,2014
108,The Children Act,Ian McEwan,2014
109,Citizen: An American Lyric,Claudia Rankine,2014
110,"Sisters (Smile, #2)",Raina Telgemeier,2014
111,El Deafo,Cece Bell,2014
112,The Story of the Lost Child,Elena Ferrante,2014
113,"Half Bad (The Half Bad Trilogy, #1)",Sally Green,2014
114,"The Guard (The Selection, #2.5)",Kiera Cass,2014
115,The Museum of Extraordinary Things,Alice Hoffman,2014
116,"Saga, Vol. 4",Brian K. Vaughan,2014
117,"Silver Shadows (Bloodlines, #5)",Richelle Mead,2014
118,The Book of Unknown Americans,Cristina Henriquez,2014
119,"Girl Online (Girl Online, #1)",Zoe Sugg,2014
120,A Brief History of Seven Killings,Marlon James,2014
121,"The Invisible Library (The Invisible Library, #1)",Genevieve Cogman,2014
122,The Romanov Sisters: The Lost Lives of the Daughters of Nicholas and Alexandra,Helen Rappaport,2014
123,"The Innovators: How a Group of  Hackers, Geniuses and Geeks Created the Digital Revolution",Walter Isaacson,2014
124,The Pearl That Broke Its Shell,Nadia Hashimi,2014
125,"City of Stairs (The Divine Cities, #1)",Robert Jackson Bennett,2014
126,The One & Only,Emily Giffin,2014
127,Elizabeth Is Missing,Emma Healey,2014
128,"Skin Game (The Dresden Files, #15)",Jim Butcher,2014
129,Think Like a Freak,Steven D. Levitt,2014
130,"Red Notice: A True Story of High Finance, Murder, and One Man's Fight for Justice",Bill Browder,2014
131,A Fall of Marigolds,Susan Meissner,2014
132,"The Long Haul (Diary of a Wimpy Kid, #9)",Jeff Kinney,2014
133,The Troop,Nick Cutter,2014
134,Thug Kitchen: The Official Cookbook: Eat Like You Give a F*ck,Thug Kitchen,2014
135,"Authority (Southern Reach, #2)",Jeff VanderMeer,2014
136,This Changes Everything: Capitalism vs. The Climate,Naomi Klein,2014
137,One More Thing: Stories and Other Stories,B.J. Novak,2014
138,Waking Up: A Guide to Spirituality Without Religion,Sam Harris,2014
139,Gray Mountain,John Grisham,2014
140,"The Queen (The Selection, #0.4)",Kiera Cass,2014
141,Everything Leads to You,Nina LaCour,2014
142,"Cibola Burn (The Expanse, #4)",James S.A. Corey,2014
143,My True Love Gave to Me: Twelve Holiday Stories,Stephanie Perkins,2014
144,Still Life with Bread Crumbs,Anna Quindlen,2014
145,"The Emperor's Blades (Chronicle of the Unhewn Throne, #1)",Brian Staveley,2014
146,"The Art of Asking; or, How I Learned to Stop Worrying and Let People Help",Amanda Palmer,2014
147,"Sass & Sorcery (Rat Queens, #1)",Kurtis J. Wiebe,2014
148,"The Broken Eye (Lightbringer, #3)",Brent Weeks,2014
149,In Real Life,Cory Doctorow,2014
150,"The Last Town (Wayward Pines, #3)",Blake Crouch,2014
151,Dept. of Speculation,Jenny Offill,2014
152,The Sleeper and the Spindle,Neil Gaiman,2014
153,Seven Brief Lessons on Physics,Carlo Rovelli,2014
154,Stepbrother Dearest,Penelope Ward,2014
155,Neil Patrick Harris: Choose Your Own Autobiography,Neil Patrick Harris,2014
156,Flash Boys: A Wall Street Revolt,Michael   Lewis,2014
157,The Crossover,Kwame Alexander,2014
158,"The Thousand-Dollar Tan Line (Veronica Mars, #1)",Rob Thomas,2014
159,The Opposite of Loneliness: Essays and Stories,Marina Keegan,2014
160,"Maybe Not (Maybe, #1.5)",Colleen Hoover,2014
161,"Be with Me (Wait for You, #2)",J. Lynn,2014
162,The Geography of You and Me,Jennifer E. Smith,2014
163,"Wicked (A Wicked Trilogy, #1)",Jennifer L. Armentrout,2014
164,"The Revenge of Seven (Lorien Legacies, #5)",Pittacus Lore,2014
165,"Radiance (Wraith Kings, #1)",Grace Draven,2014
166,"Into the Still Blue (Under the Never Sky, #3)",Veronica Rossi,2014
167,Us,David Nicholls,2014
168,Sex Criminals: Volume One: One Weird Trick,Matt Fraction,2014
169,"Talon (Talon, #1)",Julie Kagawa,2014
170,All Fall Down,Jennifer Weiner,2014
171,Show Your Work!: 10 Ways to Share Your Creativity and Get Discovered,Austin Kleon,2014
172,Lullabies,Lang Leav,2014
173,Mean Streak,Sandra Brown,2014
174,"Top Secret Twenty-One (Stephanie Plum, #21)",Janet Evanovich,2014
175,"Acceptance (Southern Reach, #3)",Jeff VanderMeer,2014
176,"Night Broken (Mercy Thompson, #8)",Patricia Briggs,2014
177,"The Goblin Emperor (The Goblin Emperor, #1)",Katherine Addison,2014
178,"The Hook Up (Game On, #1)",Kristen Callihan,2014
179,"Lost Lake (Lost Lake, #1)",Sarah Addison Allen,2014
180,Horrorstör,Grady Hendrix,2014
181,"Winter Street (Winter, #1)",Elin Hilderbrand,2014
182,Seconds,Bryan Lee O'Malley,2014
183,What I Know for Sure,Oprah Winfrey,2014
184,"Prince of Fools (The Red Queen's War, #1)",Mark  Lawrence,2014
185,"The Shadow of What Was Lost (The Licanius Trilogy, #1)",James Islington,2014
186,"Sweet Filthy Boy (Wild Seasons, #1)",Christina Lauren,2014
187,"The Law of Moses (The Law of Moses, #1)",Amy Harmon,2014
188,After I Do,Taylor Jenkins Reid,2014
189,"The Selection Stories: The Prince & The Guard (The Selection, #0.5, #2.5)",Kiera Cass,2014
190,We Are Not Ourselves,Matthew  Thomas,2014
191,Men Without Women,Haruki Murakami,2014
192,"Alienated (Alienated, #1)",Melissa Landers,2014
193,"The Queen of the Tearling (The Queen of the Tearling, #1)",Erika Johansen,2014
194,The First Fifteen Lives of Harry August,Claire North,2014
195,One Plus One,Jojo Moyes,2014
196,Archer's Voice,Mia Sheridan,2014
197,"White Hot Kiss (The Dark Elements, #1)",Jennifer L. Armentrout,2014
198,"Half a King (Shattered Sea, #1)",Joe Abercrombie,2014
199,"The Secret Place (Dublin Murder Squad, #5)",Tana French,2014
200,"Stolen Songbird (The Malediction Trilogy, #1)",Danielle L. Jensen,2014
1,The Girl on the Train,Paula Hawkins,2015
2,The Nightingale,Kristin Hannah,2015
3,"Red Queen (Red Queen, #1)",Victoria Aveyard,2015
4,"A Court of Thorns and Roses (A Court of Thorns and Roses, #1)",Sarah J. Maas,2015
5,"Six of Crows (Six of Crows, #1)",Leigh Bardugo,2015
6,"Everything, Everything",Nicola Yoon,2015
7,All the Bright Places,Jennifer Niven,2015
8,"Elon Musk: Tesla, SpaceX, and the Quest for a Fantastic Future",Ashlee Vance,2015
9,"A Darker Shade of Magic (Shades of Magic, #1)",V.E. Schwab,2015
10,A Little Life,Hanya Yanagihara,2015
11,"Simon vs. the Homo Sapiens Agenda (Simonverse, #1)",Becky Albertalli,2015
12,Go Set a Watchman,Harper Lee,2015
13,Between the World and Me,Ta-Nehisi Coates,2015
14,"P.S. I Still Love You (To All the Boys I've Loved Before, #2)",Jenny Han,2015
15,"Queen of Shadows (Throne of Glass, #4)",Sarah J. Maas,2015
16,"The Fifth Season (The Broken Earth, #1)",N.K. Jemisin,2015
17,"Winter (The Lunar Chronicles, #4)",Marissa Meyer,2015
18,Big Magic: Creative Living Beyond Fear,Elizabeth Gilbert,2015
19,"The Heir (The Selection, #4)",Kiera Cass,2015
20,Pretty Girls,Karin Slaughter,2015
21,Modern Romance,Aziz Ansari,2015
22,Furiously Happy: A Funny Book About Horrible Things,Jenny  Lawson,2015
23,Uprooted,Naomi Novik,2015
24,"An Ember in the Ashes (An Ember in the Ashes, #1)",Sabaa Tahir,2015
25,"The Wrath and the Dawn (The Wrath and the Dawn, #1)",Renée Ahdieh,2015
26,"Illuminae (The Illuminae Files, #1)",Amie Kaufman,2015
27,"The Sword of Summer (Magnus Chase and the Gods of Asgard, #1)",Rick Riordan,2015
28,"Carry On (Simon Snow, #1)",Rainbow Rowell,2015
29,"The Deal (Off-Campus, #1)",Elle Kennedy,2015
30,Luckiest Girl Alive,Jessica Knoll,2015
31,Dead Wake: The Last Crossing of the Lusitania,Erik Larson,2015
32,"Grey (Fifty Shades as Told by Christian, #1)",E.L. James,2015
33,Fates and Furies,Lauren Groff,2015
34,"China Rich Girlfriend (Crazy Rich Asians, #2)",Kevin Kwan,2015
35,"Fairest (The Lunar Chronicles, #3.5)",Marissa Meyer,2015
36,"The Girl in the Spider's Web (Millennium, #4)",David Lagercrantz,2015
37,9-Nov,Colleen Hoover,2015
38,"In a Dark, Dark Wood",Ruth Ware,2015
39,Nimona,Noelle Stevenson,2015
40,Why Not Me?,Mindy Kaling,2015
41,"Golden Son (Red Rising Saga, #2)",Pierce Brown,2015
42,Rising Strong,Brené Brown,2015
43,The Wright Brothers,David McCullough,2015
44,The Kind Worth Killing,Peter  Swanson,2015
45,The Sympathizer,Viet Thanh Nguyen,2015
46,"Never Never (Never Never, #1)",Colleen Hoover,2015
47,Seveneves,Neal Stephenson,2015
48,Trigger Warning: Short Fictions and Disturbances,Neil Gaiman,2015
49,Armada,Ernest Cline,2015
50,The Lake House,Kate Morton,2015
51,"Dumplin' (Dumplin', #1)",Julie   Murphy,2015
52,I Was Here,Gayle Forman,2015
53,At the Water's Edge,Sara Gruen,2015
54,"Shadows of Self (Mistborn, #5)",Brandon Sanderson,2015
55,The Buried Giant,Kazuo Ishiguro,2015
56,"After You (Me Before You, #2)",Jojo Moyes,2015
57,Finding Audrey,Sophie Kinsella,2015
58,The Darkest Part of the Forest,Holly Black,2015
59,Every Last Word,Tamara Ireland Stone,2015
60,"Memory Man (Amos Decker, #1)",David Baldacci,2015
61,Notorious RBG: The Life and Times of Ruth Bader Ginsburg,Irin Carmon,2015
62,Hamilton: The Revolution,Lin-Manuel Miranda,2015
63,"Children of Time (Children of Time, #1)",Adrian Tchaikovsky,2015
64,"Lumberjanes, Vol. 1: Beware the Kitten Holy (Lumberjanes, Vol. 1)",Noelle Stevenson,2015
65,"The Hidden Life of Trees: What They Feel, How They Communicate – Discoveries from a Secret World",Peter Wohlleben,2015
66,"The War That Saved My Life (The War That Saved My Life, #1)",Kimberly Brubaker Bradley,2015
67,The Sellout,Paul Beatty,2015
68,My Heart and Other Black Holes,Jasmine Warga,2015
69,The Fill-In Boyfriend,Kasie West,2015
70,What She Knew (Jim Clemo #1),Gilly Macmillan,2015
71,The Rest of Us Just Live Here,Patrick Ness,2015
72,SPQR: A History of Ancient Rome,Mary Beard,2015
73,In the Unlikely Event,Judy Blume,2015
74,Circling the Sun,Paula McLain,2015
75,More Happy Than Not,Adam Silvera,2015
76,"The Royal We (Royal We, #1)",Heather Cocks,2015
77,See Me,Nicholas Sparks,2015
78,"Finders Keepers (Bill Hodges Trilogy, #2)",Stephen King,2015
79,Secrets of a Charmed Life,Susan Meissner,2015
80,So You've Been Publicly Shamed,Jon Ronson,2015
81,A Head Full of Ghosts,Paul Tremblay,2015
82,You're Never Weird on the Internet,Felicia Day,2015
83,"After Ever Happy (After, #4)",Anna Todd,2015
84,The Marriage of Opposites,Alice Hoffman,2015
85,A Spool of Blue Thread,Anne Tyler,2015
86,Saint Anything,Sarah Dessen,2015
87,"Firefight (The Reckoners, #2)",Brandon Sanderson,2015
88,"The Rose Society (The Young Elites, #2)",Marie Lu,2015
89,Our Souls at Night,Kent Haruf,2015
90,"The Sandman: Overture (The Sandman: Overture, #1-6)",Neil Gaiman,2015
91,The Girl with Seven Names: A North Korean Defector’s Story,Hyeonseo Lee,2015
92,The Stranger,Harlan Coben,2015
93,The Heart Goes Last,Margaret Atwood,2015
94,Prisoners of Geography: Ten Maps That Tell You Everything You Need to Know About Global Politics,Tim Marshall,2015
95,"The Mistake (Off-Campus, #2)",Elle Kennedy,2015
96,"A God in Ruins (Todd Family, #2)",Kate Atkinson,2015
97,Better Than Before: Mastering the Habits of Our Everyday Lives,Gretchen Rubin,2015
98,Girl at War,Sara Nović,2015
99,Troublemaker: Surviving Hollywood and Scientology,Leah Remini,2015
100,"Binti (Binti, #1)",Nnedi Okorafor,2015
101,Missoula: Rape and the Justice System in a College Town,Jon Krakauer,2015
102,"The Heart of Betrayal (The Remnant Chronicles, #2)",Mary E. Pearson,2015
103,Inside the O'Briens,Lisa Genova,2015
104,The Silk Roads: A New History of the World,Peter Frankopan,2015
105,Fish in a Tree,Lynda Mullaly Hunt,2015
106,"Nemesis Games (The Expanse, #5)",James S.A. Corey,2015
107,"Air Awakens (Air Awakens, #1)",Elise Kova,2015
108,"Alice (The Chronicles of Alice, #1)",Christina Henry,2015
109,"The Winner's Crime (The Winner's Trilogy, #2)",Marie Rutkoski,2015
110,The Murmur of Bees,Sofía Segovia,2015
111,The Japanese Lover,Isabel Allende,2015
112,My Life on the Road,Gloria Steinem,2015
113,Made You Up,Francesca Zappia,2015
114,"Welcome to Night Vale (Welcome to Night Vale, #1)",Joseph Fink,2015
115,"Her Final Breath (Tracy Crosswhite, #2)",Robert Dugoni,2015
116,"The Ruby Circle (Bloodlines, #6)",Richelle Mead,2015
117,The Bazaar of Bad Dreams,Stephen King,2015
118,The Argonauts,Maggie Nelson,2015
119,Vanishing Girls,Lauren Oliver,2015
120,In Order to Live: A North Korean Girl's Journey to Freedom,Yeonmi Park,2015
121,The Book of Speculation,Erika Swyler,2015
122,Purity,Jonathan Franzen,2015
123,"The Invasion of the Tearling (The Queen of the Tearling, #2)",Erika Johansen,2015
124,"Career of Evil (Cormoran Strike, #3)",Robert Galbraith,2015
125,"Never Never: Part Two (Never Never, #2)",Colleen Hoover,2015
126,Kitchens of the Great Midwest,J. Ryan Stradal,2015
127,All American Boys,Jason  Reynolds,2015
128,Pretty Baby,Mary Kubica,2015
129,The Last Time We Say Goodbye,Cynthia Hand,2015
130,"Saga, Vol. 5",Brian K. Vaughan,2015
131,"Beautiful Redemption (The Maddox Brothers, #2)",Jamie McGuire,2015
132,"Ink and Bone (The Great Library, #1)",Rachel Caine,2015
133,The Life-Changing Magic of Not Giving a F*ck: How to Stop Spending Time You Don't Have with People You Don't Like Doing Things You Don't Want to Do,Sarah Knight,2015
134,Confess,Colleen Hoover,2015
135,Hunger Makes Me a Modern Girl,Carrie Brownstein,2015
136,"Corrupt (Devil's Night, #1)",Penelope Douglas,2015
137,The Rumor,Elin Hilderbrand,2015
138,Roller Girl,Victoria Jamieson,2015
139,Where They Found Her,Kimberly McCreight,2015
140,"The Short Drop (Gibson Vaughn, #1)",Matthew FitzSimmons,2015
141,"End of Days (Penryn & the End of Days, #3)",Susan Ee,2015
142,Trail of Broken Wings,Sejal Badani,2015
143,How Not to Die: Discover the Foods Scientifically Proven to Prevent and Reverse Disease,Michael  Greger,2015
144,"Awkward (Berrybrook Middle School, #1)",Svetlana Chmakova,2015
145,"Until Friday Night (The Field Party, #1)",Abbi Glines,2015
146,And Every Morning the Way Home Gets Longer and Longer,Fredrik Backman,2015
147,M Train,Patti Smith,2015
148,"The Aeronaut's Windlass (The Cinder Spires, #1)",Jim Butcher,2015
149,"Serafina and the Black Cloak (Serafina, #1)",Robert  Beatty,2015
150,The Soul of an Octopus: A Surprising Exploration Into the Wonder of Consciousness,Sy Montgomery,2015
151,Echo,Pam Muñoz Ryan,2015
152,The Girls in the Garden,Lisa Jewell,2015
153,"Rogue Lawyer (Rogue Lawyer, #1)",John Grisham,2015
154,"Queen Song (Red Queen, #0.1)",Victoria Aveyard,2015
155,Reasons to Stay Alive,Matt Haig,2015
156,Did You Ever Have a Family,Bill Clegg,2015
157,"Happily Ever After (The Selection, #0.4, 0.5, 2.5, 3.1, 3.5)",Kiera Cass,2015
158,"The Air He Breathes (Elements, #1)",Brittainy C. Cherry,2015
159,Eileen,Ottessa Moshfegh,2015
160,"The Witches: Salem, 1692",Stacy Schiff,2015
161,"Before (After, #5)",Anna Todd,2015
162,Kulti,Mariana Zapata,2015
163,"Old School (Diary of a Wimpy Kid, #10)",Jeff Kinney,2015
164,"First Frost (Waverley Family, #2)",Sarah Addison Allen,2015
165,The Library at Mount Char,Scott  Hawkins,2015
166,"Pucked (Pucked, #1)",Helena Hunting,2015
167,"Library of Souls (Miss Peregrine's Peculiar Children, #3)",Ransom Riggs,2015
168,Mosquitoland,David  Arnold,2015
169,"The Novice (Summoner, #1)",Taran Matharu,2015
170,Come as You Are: The Surprising New Science that Will Transform Your Sex Life,Emily Nagoski,2015
171,Percy Jackson's Greek Heroes,Rick Riordan,2015
172,"Girl Waits with Gun (Kopp Sisters, #1)",Amy  Stewart,2015
173,"Walk on Earth a Stranger  (The Gold Seer Trilogy, #1)",Rae Carson,2015
174,Before We Were Strangers,Renee Carlino,2015
175,Born Survivors,Wendy   Holden,2015
176,Before the Coffee Gets Cold,Toshikazu Kawaguchi,2015
177,The Ice Twins,S.K. Tremayne,2015
178,"Lair of Dreams (The Diviners, #2)",Libba Bray,2015
179,The Thing About Jellyfish,Ali Benjamin,2015
180,Bone Gap,Laura Ruby,2015
181,"Wolf by Wolf (Wolf by Wolf, #1)",Ryan Graudin,2015
182,Very Good Lives: The Fringe Benefits of Failure and the Importance of Imagination,J.K. Rowling,2015
183,"The Orphan Queen (The Orphan Queen, #1)",Jodi Meadows,2015
184,"Burned (Fever, #7)",Karen Marie Moning,2015
185,The Road to Character,David  Brooks,2015
186,"The Shadows (Black Dagger Brotherhood, #13)",J.R. Ward,2015
187,Wreckage,Emily Bleeker,2015
188,"Welcome to Shadowhunter Academy (Tales from the Shadowhunter Academy, #1)",Cassandra Clare,2015
189,"Tricky Twenty-Two (Stephanie Plum, #22)",Janet Evanovich,2015
190,Who Do You Love,Jennifer Weiner,2015
191,Theft by Finding: Diaries 1977-2002,David Sedaris,2015
192,"Make Me (Jack Reacher, #20)",Lee Child,2015
193,"The Fate of Ten (Lorien Legacies, #6)",Pittacus Lore,2015
194,"The Nature of the Beast (Chief Inspector Armand Gamache, #11)",Louise Penny,2015
195,"The Wicked Will Rise (Dorothy Must Die, #2)",Danielle  Paige,2015
196,"Truth or Beard (Winston Brothers, #1)",Penny Reid,2015
197,"A Dark Lure (A Dark Lure, #1)",Loreth Anne White,2015
198,The Good Neighbor,A.J. Banner,2015
199,"Magonia (Magonia, #1)",Maria Dahvana Headley,2015
200,Slade House,David Mitchell,2015
1,The Subtle Art of Not Giving a F*ck: A Counterintuitive Approach to Living a Good Life,Mark Manson,2016
2,"Harry Potter and the Cursed Child: Parts One and Two (Harry Potter, #8)",John Tiffany,2016
3,When Breath Becomes Air,Paul Kalanithi,2016
4,Born a Crime: Stories From a South African Childhood,Trevor Noah,2016
5,The Woman in Cabin 10,Ruth Ware,2016
6,The Underground Railroad,Colson Whitehead,2016
7,The Couple Next Door,Shari Lapena,2016
8,"A Court of Mist and Fury (A Court of Thorns and Roses, #2)",Sarah J. Maas,2016
9,Dark Matter,Blake Crouch,2016
10,Behind Closed Doors,B.A. Paris,2016
11,Hillbilly Elegy: A Memoir of a Family and Culture in Crisis,J.D. Vance,2016
12,Truly Madly Guilty,Liane Moriarty,2016
13,The Sun Is Also a Star,Nicola Yoon,2016
14,"Lilac Girls (Lilac Girls, #1)",Martha Hall Kelly,2016
15,It Ends with Us,Colleen Hoover,2016
16,Homegoing,Yaa Gyasi,2016
17,"Lady Midnight (The Dark Artifices, #1)",Cassandra Clare,2016
18,"Glass Sword (Red Queen, #2)",Victoria Aveyard,2016
19,"Crooked Kingdom (Six of Crows, #2)",Leigh Bardugo,2016
20,The Hating Game,Sally  Thorne,2016
21,"Empire of Storms (Throne of Glass, #5)",Sarah J. Maas,2016
22,A Gentleman in Moscow,Amor Towles,2016
23,"Scythe (Arc of a Scythe, #1)",Neal Shusterman,2016
24,Shoe Dog: A Memoir by the Creator of NIKE,Phil Knight,2016
25,Salt to the Sea,Ruta Sepetys,2016
26,"Beartown (Beartown, #1)",Fredrik Backman,2016
27,The Girls,Emma Cline,2016
28,All the Ugly and Wonderful Things,Bryn Greenwood,2016
29,Heartless,Marissa Meyer,2016
30,The Power,Naomi Alderman,2016
31,"The Butterfly Garden  (The Collector, #1)",Dot Hutchison,2016
32,"The Crown (The Selection, #5)",Kiera Cass,2016
33,The Nest,Cynthia D'Aprix Sweeney,2016
34,Commonwealth,Ann Patchett,2016
35,"Adulthood Is a Myth (Sarah's Scribbles, #1)",Sarah Andersen,2016
36,"The Princess Saves Herself in This One (Women Are Some Kind of Magic, #1)",Amanda Lovelace,2016
37,All the Missing Girls,Megan Miranda,2016
38,"The Hidden Oracle (The Trials of Apollo, #1)",Rick Riordan,2016
39,Deep Work: Rules for Focused Success in a Distracted World,Cal Newport,2016
40,Hidden Figures,Margot Lee Shetterly,2016
41,"Fantastic Beasts and Where to Find Them: The Original Screenplay (Fantastic Beasts: The Original Screenplay, #1)",J.K. Rowling,2016
42,"The Dry (Aaron Falk, #1)",Jane Harper,2016
43,"A Gathering of Shadows (Shades of Magic, #2)",V.E. Schwab,2016
44,The Girl with the Lower Back Tattoo,Amy Schumer,2016
45,Everything We Keep (Everything #1),Kerry Lonsdale,2016
46,"The Raven King (The Raven Cycle, #4)",Maggie Stiefvater,2016
47,Every Heart a Doorway (Wayward Children #1),Seanan McGuire,2016
48,"Morning Star (Red Rising Saga, #3)",Pierce Brown,2016
49,Never Split the Difference,Chris Voss,2016
50,Evicted: Poverty and Profit in the American City,Matthew Desmond,2016
51,"Nevernight (The Nevernight Chronicle, #1)",Jay Kristoff,2016
52,Small Great Things,Jodi Picoult,2016
53,"A Torch Against the Night (An Ember in the Ashes, #2)",Sabaa Tahir,2016
54,The Little Book of Hygge: The Danish Way to Live Well,Meik Wiking,2016
55,"Three Dark Crowns (Three Dark Crowns, #1)",Kendare Blake,2016
56,The Mothers,Brit Bennett,2016
57,"Paper Princess (The Royals, #1)",Erin Watt,2016
58,"End of Watch (Bill Hodges Trilogy, #3)",Stephen King,2016
59,My Name Is Lucy Barton,Elizabeth Strout,2016
60,"Sleeping Giants (Themis Files, #1)",Sylvain Neuvel,2016
61,Scrappy Little Nobody,Anna Kendrick,2016
62,This Is Where It Ends,Marieke Nijkamp,2016
63,Ghosts,Raina Telgemeier,2016
64,Grit: The Power of Passion and Perseverance,Angela Duckworth,2016
65,Holding Up the Universe,Jennifer Niven,2016
66,"Stars Above (The Lunar Chronicles, #4.5)",Marissa Meyer,2016
67,When I'm Gone,Emily Bleeker,2016
68,"Truthwitch (The Witchlands, #1)",Susan Dennard,2016
69,"Paper Girls, Vol. 1",Brian K. Vaughan,2016
70,The Gene: An Intimate History,Siddhartha Mukherjee,2016
71,The Wonder,Emma Donoghue,2016
72,"The Widow (Kate Waters, #1)",Fiona Barton,2016
73,News of the World,Paulette Jiles,2016
74,Lab Girl,Hope Jahren,2016
75,The Princess Diarist,Carrie Fisher,2016
76,"The Hammer of Thor (Magnus Chase and the Gods of Asgard, #2)",Rick Riordan,2016
77,"Eligible: A Modern Retelling of Pride & Prejudice (The Austen Project, #4)",Curtis Sittenfeld,2016
78,"Heartstopper: Volume One (Heartstopper, #1)",Alice Oseman,2016
79,The Nix,Nathan  Hill,2016
80,"And I Darken (The Conqueror's Saga, #1)",Kiersten White,2016
81,The Girl Who Drank the Moon,Kelly Barnhill,2016
82,"The Obelisk Gate (The Broken Earth, #2)",N.K. Jemisin,2016
83,"The Last Star (The 5th Wave, #3)",Rick Yancey,2016
84,"Vicious (Sinners of Saint, #1)",L.J. Shen,2016
85,Swing Time,Zadie Smith,2016
86,"The Bands of Mourning (Mistborn, #6)",Brandon Sanderson,2016
87,"Passenger (Passenger, #1)",Alexandra Bracken,2016
88,"The Whistler (The Whistler, #1)",John Grisham,2016
89,"The Rose & the Dagger (The Wrath and the Dawn, #2)",Renée Ahdieh,2016
90,Stamped from the Beginning: The Definitive History of Racist Ideas in America,Ibram X. Kendi,2016
91,The Magnolia Story,Chip Gaines,2016
92,Originals: How Non-Conformists Move the World,Adam M. Grant,2016
93,"One with You (Crossfire, #5)",Sylvia Day,2016
94,"Magpie Murders (Susan Ryeland, #1)",Anthony Horowitz,2016
95,"A Study in Charlotte (Charlotte Holmes, #1)",Brittany Cavallaro,2016
96,"Love & Gelato (Love & Gelato, #1)",Jenna Evans Welch,2016
97,Tell Me Three Things,Julie Buxbaum,2016
98,Fool Me Once,Harlan Coben,2016
99,Unfu*k Yourself: Get Out of Your Head and Into Your Life,Gary John Bishop,2016
100,Ego Is the Enemy,Ryan Holiday,2016
101,"Monstress, Vol. 1: Awakening",Marjorie M. Liu,2016
102,I Found You,Lisa Jewell,2016
103,"The Girl in the Ice (Detective Erika Foster, #1)",Robert Bryndza,2016
104,"Rebel of the Sands (Rebel of the Sands, #1)",Alwyn Hamilton,2016
105,The Wall of Winnipeg and Me,Mariana Zapata,2016
106,America's First Daughter,Stephanie Dray,2016
107,The Muse,Jessie Burton,2016
108,Sweetbitter,Stephanie Danler,2016
109,The One,John Marrs,2016
110,From Sand and Ash,Amy Harmon,2016
111,All the Birds in the Sky,Charlie Jane Anders,2016
112,Shrill: Notes from a Loud Woman,Lindy West,2016
113,I'm Thinking of Ending Things,Iain Reid,2016
114,Love Warrior,Glennon Doyle Melton,2016
115,Today Will Be Different,Maria Semple,2016
116,Tales from the Shadowhunter Academy,Cassandra Clare,2016
117,"My Lady Jane (The Lady Janies, #1)",Cynthia Hand,2016
118,We Are the Ants,Shaun David Hutchinson,2016
119,Radio Silence,Alice Oseman,2016
120,"Present Over Perfect: Leaving Behind Frantic for a Simpler, More Soulful Way of Living",Shauna Niequist,2016
121,"The Score (Off-Campus, #3)",Elle Kennedy,2016
122,"We Are Legion (We Are Bob) (Bobiverse, #1)",Dennis E. Taylor,2016
123,Convenience Store Woman,Sayaka Murata,2016
124,"Gemina (The Illuminae Files, #2)",Amie Kaufman,2016
125,The Problem with Forever,Jennifer L. Armentrout,2016
126,"Tools of Titans: The Tactics, Routines, and Habits of Billionaires, Icons, and World-Class Performers",Timothy Ferriss,2016
127,"Stalking Jack the Ripper (Stalking Jack the Ripper, #1)",Kerri Maniscalco,2016
128,P.S. I Like You,Kasie West,2016
129,"Autumn (Seasonal, #1)",Ali Smith,2016
130,The Unexpected Everything,Morgan Matson,2016
131,"The Star-Touched Queen (The Star-Touched Queen, #1)",Roshani Chokshi,2016
132,The Other Einstein,Marie Benedict,2016
133,Lily and the Octopus,Steven  Rowley,2016
134,The Obsession,Nora Roberts,2016
135,Moonglow,Michael Chabon,2016
136,"The Bookshop on the Corner (Scottish Bookshop, #1)",Jenny Colgan,2016
137,"Calamity (Reckoners, #3)",Brandon Sanderson,2016
138,One True Loves,Taylor Jenkins Reid,2016
139,"The Gender Game (The Gender Game, #1)",Bella Forrest,2016
140,The Book of Joy: Lasting Happiness in a Changing World,Dalai Lama XIV,2016
141,Behold the Dreamers,Imbolo Mbue,2016
142,If I Was Your Girl,Meredith Russo,2016
143,"The Fever Code (The Maze Runner, #5)",James Dashner,2016
144,You Will Know Me,Megan Abbott,2016
145,"The Midnight Star (The Young Elites, #3)",Marie Lu,2016
146,Algorithms to Live By: The Computer Science of Human Decisions,Brian Christian,2016
147,"This Savage Song (Monsters of Verity, #1)",Victoria Schwab,2016
148,"Age of Myth (The Legends of the First Empire, #1)",Michael J. Sullivan,2016
149,"Rhapsodic (The Bargainer, #1)",Laura Thalassa,2016
150,Smarter Faster Better: The Secrets of Being Productive in Life and Business,Charles Duhigg,2016
151,"Broken Prince (The Royals, #2)",Erin Watt,2016
152,First Comes Love,Emily Giffin,2016
153,Everyone Brave is Forgiven,Chris Cleave,2016
154,The Summer Before the War,Helen Simonson,2016
155,White Trash: The 400-Year Untold History of Class in America,Nancy Isenberg,2016
156,Modern Lovers,Emma Straub,2016
157,"The Winner's Kiss (The Winner's Trilogy, #3)",Marie Rutkoski,2016
158,Bossman,Vi Keeland,2016
159,"In the Clearing (Tracy Crosswhite, #3)",Robert Dugoni,2016
160,Girl in Pieces,Kathleen Glasgow,2016
161,The Perfect Nanny,Leïla Slimani,2016
162,"The Crown's Game (The Crown's Game, #1)",Evelyn Skye,2016
163,"Cruel Crown (Red Queen, #0.1-0.2)",Victoria Aveyard,2016
164,Don't You Cry,Mary Kubica,2016
165,The Marriage Lie,Kimberly Belle,2016
166,Pax (Pax #1),Sara Pennypacker,2016
167,When We Collided,Emery Lord,2016
168,"The Thousandth Floor (The Thousandth Floor, #1)",Katharine McGee,2016
169,Another Brooklyn,Jacqueline Woodson,2016
170,"The Shadow Queen (Ravenspire, #1)",C.J. Redwine,2016
171,"Never Never: Part Three (Never Never, #3)",Colleen Hoover,2016
172,The Sound of Gravel,Ruth Wariner,2016
173,Spark Joy: An Illustrated Master Class on the Art of Organizing and Tidying Up,Marie Kondō,2016
174,Cravings: Recipes for All the Food You Want to Eat,Chrissy Teigen,2016
175,"The Glittering Court (The Glittering Court, #1)",Richelle Mead,2016
176,The Essex Serpent,Sarah Perry,2016
177,"The Last Mile (Amos Decker, #2)",David Baldacci,2016
178,"Short Stories from Hogwarts of Heroism, Hardship and Dangerous Hobbies (Pottermore Presents, #1)",J.K. Rowling,2016
179,The Road Back to You: An Enneagram Journey to Self-Discovery,Ian Morgan Cron,2016
180,"The Beauty of Darkness (The Remnant Chronicles, #3)",Mary E. Pearson,2016
181,Born to Run,Bruce Springsteen,2016
182,Sparrow,L.J. Shen,2016
183,The Female of the Species,Mindy McGinnis,2016
184,"Twisted Palace (The Royals, #3)",Erin Watt,2016
185,"The Daily Stoic: 366 Meditations for Clarity, Effectiveness, and Serenity",Ryan Holiday,2016
186,What is Not Yours is Not Yours,Helen Oyeyemi,2016
187,The Curious Charms of Arthur Pepper,Phaedra Patrick,2016
188,"Of Fire and Stars (Of Fire and Stars, #1)",Audrey Coulthurst,2016
189,Wait for It,Mariana Zapata,2016
190,"Hogwarts: An Incomplete and Unreliable Guide (Pottermore Presents, #3)",J.K. Rowling,2016
191,The Lonely City: Adventures in the Art of Being Alone,Olivia Laing,2016
192,Nutshell,Ian McEwan,2016
193,Stuck-Up Suit,Vi Keeland,2016
194,Good as Gone,Amy Gentry,2016
195,Glory Over Everything: Beyond The Kitchen House,Kathleen Grissom,2016
196,Talking as Fast as I Can: From Gilmore Girls to Gilmore Girls,Lauren Graham,2016
197,The Chemist,Stephenie Meyer,2016
198,Before the Fall,Noah Hawley,2016
199,Two By Two,Nicholas Sparks,2016
200,The Trespasser (Dublin Murder Squad #6),Tana French,2016
1,"The Hate U Give (The Hate U Give, #1)",Angie Thomas,2017
2,Eleanor Oliphant Is Completely Fine,Gail Honeyman,2017
3,Before We Were Yours,Lisa Wingate,2017
4,The Seven Husbands of Evelyn Hugo,Taylor Jenkins Reid,2017
5,Into the Water,Paula Hawkins,2017
6,Turtles All the Way Down,John Green,2017
7,"One of Us Is Lying (One of Us is Lying, #1)",Karen M. McManus,2017
8,The Alice Network,Kate Quinn,2017
9,"A Court of Wings and Ruin (A Court of Thorns and Roses, #3)",Sarah J. Maas,2017
10,Homo Deus: A History of Tomorrow,Yuval Noah Harari,2017
11,"Caraval (Caraval, #1)",Stephanie Garber,2017
12,The Sun and Her Flowers,Rupi Kaur,2017
13,They Both Die at the End,Adam Silvera,2017
14,Pachinko,Min Jin Lee,2017
15,Artemis,Andy Weir,2017
16,Astrophysics for People in a Hurry,Neil deGrasse Tyson,2017
17,"The Bear and the Nightingale (Winternight Trilogy, #1)",Katherine Arden,2017
18,"Origin (Robert Langdon, #5)",Dan Brown,2017
19,Beneath a Scarlet Sky,Mark T. Sullivan,2017
20,This is Going to Hurt: Secret Diaries of a Junior Doctor,Adam Kay,2017
21,Little Fires Everywhere,Celeste Ng,2017
22,Why We Sleep: Unlocking the Power of Sleep and Dreams,Matthew Walker,2017
23,Lincoln in the Bardo,George Saunders,2017
24,"Always and Forever, Lara Jean (To All the Boys I've Loved Before, #3)",Jenny Han,2017
25,"King's Cage (Red Queen, #3)",Victoria Aveyard,2017
26,Norse Mythology,Neil Gaiman,2017
27,Conversations with Friends,Sally Rooney,2017
28,The Radium Girls: The Dark Story of America's Shining Women,Kate  Moore,2017
29,"Tower of Dawn (Throne of Glass, #6)",Sarah J. Maas,2017
30,We Were the Lucky Ones,Georgia Hunter,2017
31,"Stillhouse Lake (Stillhouse Lake, #1)",Rachel Caine,2017
32,"Strange the Dreamer (Strange the Dreamer, #1)",Laini Taylor,2017
33,"Sing, Unburied, Sing",Jesmyn Ward,2017
34,Leonardo da Vinci,Walter Isaacson,2017
35,"The Gentleman's Guide to Vice and Virtue (Montague Siblings, #1)",Mackenzi Lee,2017
36,Killers of the Flower Moon: The Osage Murders and the Birth of the FBI,David Grann,2017
37,"Lord of Shadows (The Dark Artifices, #2)",Cassandra Clare,2017
38,Exit West,Mohsin Hamid,2017
39,The Last Mrs. Parrish,Liv Constantine,2017
40,"Rich People Problems (Crazy Rich Asians, #3)",Kevin Kwan,2017
41,Less,Andrew Sean Greer,2017
42,The Girl Before,J.P. Delaney,2017
43,"Renegades (Renegades, #1)",Marissa Meyer,2017
44,Hunger: A Memoir of (My) Body,Roxane Gay,2017
45,The Light We Lost,Jill Santopolo,2017
46,"A Conjuring of Light (Shades of Magic, #3)",V.E. Schwab,2017
47,This Is How It Always Is,Laurie Frankel,2017
48,Final Girls,Riley Sager,2017
49,"The City of Brass (The Daevabad Trilogy, #1)",S.A. Chakraborty,2017
50,Why I'm No Longer Talking to White People About Race,Reni Eddo-Lodge,2017
51,Sleeping Beauties,Stephen King,2017
52,The Heart's Invisible Furies,John Boyne,2017
53,"The Good Daughter (Good Daughter, #1)",Karin Slaughter,2017
54,"Us Against You (Beartown, #2)",Fredrik Backman,2017
55,Behind Her Eyes,Sarah Pinborough,2017
56,The Lying Game,Ruth Ware,2017
57,I Am Watching You,Teresa Driscoll,2017
58,"Oathbringer (The Stormlight Archive, #3)",Brandon Sanderson,2017
59,"Carve the Mark (Carve the Mark, #1)",Veronica Roth,2017
60,We Are Okay,Nina LaCour,2017
61,Sometimes I Lie,Alice Feeney,2017
62,Make Your Bed: Little Things That Can Change Your Life...And Maybe the World,William H. McRaven,2017
63,"The Upside of Unrequited (Simonverse, #2)",Becky Albertalli,2017
64,Braving the Wilderness: The Quest for True Belonging and the Courage to Stand Alone,Brené Brown,2017
65,"The Rules of Magic (Practical Magic, #0.2)",Alice Hoffman,2017
66,The Tea Girl of Hummingbird Lane,Lisa See,2017
67,Long Way Down,Jason  Reynolds,2017
68,The Breakdown,B.A. Paris,2017
69,"La Belle Sauvage (The Book of Dust, #1)",Philip Pullman,2017
70,"All Systems Red (The Murderbot Diaries, #1)",Martha Wells,2017
71,"Mythos: The Greek Myths Retold (Stephen Fry's Great Mythology, #1)",Stephen Fry,2017
72,"Year One (Chronicles of The One, #1)",Nora Roberts,2017
73,My Not So Perfect Life,Sophie Kinsella,2017
74,Manhattan Beach,Jennifer Egan,2017
75,A Stranger in the House,Shari Lapena,2017
76,The Keeper of Lost Things,Ruth Hogan,2017
77,Eliza and Her Monsters,Francesca Zappia,2017
78,"Dear Martin (Dear Martin, #1)",Nic Stone,2017
79,"Flame in the Mist (Flame in the Mist, #1)",Renée Ahdieh,2017
80,"Daughter of the Pirate King (Daughter of the Pirate King, #1)",Tricia Levenseller,2017
81,"Red Sister (Book of the Ancestor, #1)",Mark  Lawrence,2017
82,The Orphan's Tale,Pam Jenoff,2017
83,"The Dark Prophecy (The Trials of Apollo, #2)",Rick Riordan,2017
84,"Silent Child (Silent Child, #1)",Sarah A. Denzil,2017
85,Camino Island (Camino Island #1),John Grisham,2017
86,Her Body and Other Parties,Carmen Maria Machado,2017
87,The Women in the Castle,Jessica Shattuck,2017
88,"The Stone Sky (The Broken Earth, #3)",N.K. Jemisin,2017
89,An Enchantment of Ravens,Margaret  Rogerson,2017
90,The Last Black Unicorn,Tiffany Haddish,2017
91,"The Ship of the Dead (Magnus Chase and the Gods of Asgard, #3)",Rick Riordan,2017
92,If We Were Villains,M.L. Rio,2017
93,In Farleigh Field,Rhys Bowen,2017
94,"Geekerella (Once Upon a Con, #1)",Ashley Poston,2017
95,History Is All You Left Me,Adam Silvera,2017
96,I See You,Clare Mackintosh,2017
97,On Tyranny: Twenty Lessons from the Twentieth Century,Timothy Snyder,2017
98,"A Column of Fire (Kingsbridge, #3)",Ken Follett,2017
99,"When Dimple Met Rishi (Dimple and Rishi, #1)",Sandhya Menon,2017
100,"Option B: Facing Adversity, Building Resilience, and Finding Joy",Sheryl Sandberg,2017
101,"Force of Nature (Aaron Falk, #2)",Jane Harper,2017
102,Erotic Stories for Punjabi Widows,Balli Kaur Jaswal,2017
103,Home Fire,Kamila Shamsie,2017
104,"The Language of Thorns: Midnight Tales and Dangerous Magic (Grishaverse, #0.5, 2.5, 2.6)",Leigh Bardugo,2017
105,The Identicals,Elin Hilderbrand,2017
106,"Wintersong (Wintersong, #1)",S. Jae-Jones,2017
107,The Leavers,Lisa Ko,2017
108,"Dear Ijeawele, or a Feminist Manifesto in Fifteen Suggestions",Chimamanda Ngozi Adichie,2017
109,What Happened,Hillary Rodham Clinton,2017
110,My Absolute Darling,Gabriel Tallent,2017
111,"A Merciful Death (Mercy Kilpatrick, #1)",Kendra Elliot,2017
112,"Everybody Lies: Big Data, New Data, and What the Internet Can Tell Us About Who We Really Are",Seth Stephens-Davidowitz,2017
113,Killing Commendatore,Haruki Murakami,2017
114,The Color of Law: A Forgotten History of How Our Government Segregated America,Richard Rothstein,2017
115,Behave: The Biology of Humans at Our Best and Worst,Robert M. Sapolsky,2017
116,"Salt, Fat, Acid, Heat: Mastering the Elements of Good Cooking",Samin Nosrat,2017
117,"The Naturalist (The Naturalist, #1)",Andrew Mayne,2017
118,A Piece of the World,Christina Baker Kline,2017
119,Without Merit,Colleen Hoover,2017
120,Autoboyography,Christina Lauren,2017
121,The Stranger in the Woods: The Extraordinary Story of the Last True Hermit,Michael Finkel,2017
122,Anything Is Possible,Elizabeth Strout,2017
123,Sourdough,Robin Sloan,2017
124,The Girl Who Lived,Christopher Greyson,2017
125,"Say You're Sorry (Morgan Dane, #1)",Melinda Leigh,2017
126,"Killman Creek (Stillhouse Lake, #2)",Rachel Caine,2017
127,We Were Eight Years in Power: An American Tragedy,Ta-Nehisi Coates,2017
128,The Rooster Bar,John Grisham,2017
129,Stay with Me,Ayọ̀bámi Adébáyọ̀,2017
130,"Our Dark Duet (Monsters of Verity, #2)",Victoria Schwab,2017
131,Wonder Woman: Warbringer,Leigh Bardugo,2017
132,A List of Cages,Robin Roe,2017
133,By Your Side,Kasie West,2017
134,"The Bone Witch (The Bone Witch, #1)",Rin Chupeco,2017
135,We Are Never Meeting in Real Life.,Samantha Irby,2017
136,Difficult Women,Roxane Gay,2017
137,"The Girl Who Takes an Eye for an Eye (Millennium, #5)",David Lagercrantz,2017
138,The Rules Do Not Apply,Ariel Levy,2017
139,Roomies,Christina Lauren,2017
140,"One Dark Throne (Three Dark Crowns, #2)",Kendare Blake,2017
141,The Idiot,Elif Batuman,2017
142,"The Fix (Amos Decker, #3)",David Baldacci,2017
143,The Ministry of Utmost Happiness,Arundhati Roy,2017
144,"Pandemic (The Extinction Files, #1)",A.G. Riddle,2017
145,A Simple Favor,Darcey Bell,2017
146,I Am Not Your Perfect Mexican Daughter,Erika L. Sánchez,2017
147,"Warcross (Warcross, #1)",Marie Lu,2017
148,"Two Kinds of Truth (Harry Bosch, #20; Harry Bosch Universe, #30)",Michael Connelly,2017
149,Never Let You Go,Chevy Stevens,2017
150,The Inexplicable Logic of My Life,Benjamin Alire Sáenz,2017
151,"Darker (Fifty Shades as Told by Christian, #2)",E.L. James,2017
152,Grant,Ron Chernow,2017
153,"Waking Gods (Themis Files, #2)",Sylvain Neuvel,2017
154,Hunted,Meagan Spooner,2017
155,"Glass Houses (Chief Inspector Armand Gamache, #13)",Louise Penny,2017
156,"The Black Witch (The Black Witch Chronicles, #1)",Laurie Forest,2017
157,"Kings of the Wyld (The Band, #1)",Nicholas Eames,2017
158,Refugee,Alan Gratz,2017
159,"Hunting Prince Dracula (Stalking Jack the Ripper, #2)",Kerri Maniscalco,2017
160,Far from the Tree,Robin Benway,2017
161,"The Late Show (Renée Ballard, #1; Harry Bosch Universe, #29)",Michael Connelly,2017
162,"The Last Magician (The Last Magician, #1)",Lisa   Maxwell,2017
163,Uncommon Type,Tom Hanks,2017
164,Once and for All,Sarah Dessen,2017
165,Radical Candor: Be a Kickass Boss Without Losing Your Humanity,Kim Malone Scott,2017
166,The Refugees,Viet Thanh Nguyen,2017
167,"Borne (Borne, #1)",Jeff VanderMeer,2017
168,"Trickery (Curse of the Gods, #1)",Jaymin Eve,2017
169,Midnight at the Bright Ideas Bookstore,Matthew J. Sullivan,2017
170,"Frostblood (Frostblood Saga, #1)",Elly Blake,2017
171,"The Missing Ones (Detective Lottie Parker, #1)",Patricia Gibney,2017
172,"The Trials of Morrigan Crow (Nevermoor, #1)",Jessica  Townsend,2017
173,The Perfect Stranger,Megan Miranda,2017
174,The Weight of Ink,Rachel Kadish,2017
175,I Can't Make This Up: Life Lessons,Kevin  Hart,2017
176,All the Crooked Saints,Maggie Stiefvater,2017
177,There's Someone Inside Your House,Stephanie Perkins,2017
178,The Almost Sisters,Joshilyn Jackson,2017
179,"The Midnight Line (Jack Reacher, #22)",Lee Child,2017
180,"Close to Home (Tracy Crosswhite, #5)",Robert Dugoni,2017
181,"You Think It, I'll Say It",Curtis Sittenfeld,2017
182,How to Be a Bawse: A Guide to Conquering Life,Lilly Singh,2017
183,Emma in the Night,Wendy   Walker,2017
184,The Best We Could Do,Thi Bui,2017
185,Faithful,Alice Hoffman,2017
186,"Gwendy's Button Box (The Button Box, #1)",Stephen King,2017
187,"The Word Is Murder (Hawthorne, #1)",Anthony Horowitz,2017
188,"Letters to the Lost (Letters to the Lost, #1)",Brigid Kemmerer,2017
189,"Down Among the Sticks and Bones (Wayward Children, #2)",Seanan McGuire,2017
190,"Godsgrave (The Nevernight Chronicle, #2)",Jay Kristoff,2017
191,The Address,Fiona  Davis,2017
192,"The Collapsing Empire (The Interdependency, #1)",John Scalzi,2017
193,Meddling Kids,Edgar Cantero,2017
194,Swimming Lessons,Claire Fuller,2017
195,Everyone's a Aliebn When Ur a Aliebn Too,Jomny Sun,2017
196,The Fact of a Body: A Murder and a Memoir,Alexandria Marzano-Lesnevich,2017
197,He Said/She Said,Erin Kelly,2017
198,How to Stop Time,Matt Haig,2017
199,American War,Omar El Akkad,2017
200,Изборът: За свободата и вътрешната сила,Edith Eger,2017
1,Educated,Tara Westover,2018
2,Where the Crawdads Sing,Delia Owens,2018
3,Becoming,Michelle Obama,2018
4,Circe,Madeline Miller,2018
5,Normal People,Sally Rooney,2018
6,The Great Alone,Kristin Hannah,2018
7,The Woman in the Window,A.J. Finn,2018
8,"The Cruel Prince (The Folk of the Air, #1)",Holly Black,2018
9,Atomic Habits: An Easy & Proven Way to Build Good Habits & Break Bad Ones,James Clear,2018
10,An American Marriage,Tayari Jones,2018
11,"Children of Blood and Bone (Legacy of Orïsha, #1)",Tomi Adeyemi,2018
12,Verity,Colleen Hoover,2018
13,Nine Perfect Strangers,Liane Moriarty,2018
14,Then She Was Gone,Lisa Jewell,2018
15,The Wife Between Us,Greer Hendricks,2018
16,The Outsider,Stephen King,2018
17,The Immortalists,Chloe  Benjamin,2018
18,"My Sister, the Serial Killer",Oyinkan Braithwaite,2018
19,One Day in December,Josie Silver,2018
20,"Girl, Wash Your Face: Stop Believing the Lies about Who You Are So You Can Become Who You Were Meant to Be",Rachel Hollis,2018
21,"The Kiss Quotient (The Kiss Quotient, #1)",Helen Hoang,2018
22,Bad Blood: Secrets and Lies in a Silicon Valley Startup,John Carreyrou,2018
23,"Kingdom of Ash (Throne of Glass, #7)",Sarah J. Maas,2018
24,Factfulness: Ten Reasons We're Wrong About the World – and Why Things Are Better Than You Think,Hans Rosling,2018
25,The 7½ Deaths of Evelyn Hardcastle,Stuart Turton,2018
26,12 Rules for Life: An Antidote to Chaos,Jordan B. Peterson,2018
27,There There,Tommy Orange,2018
28,21 Lessons for the 21st Century,Yuval Noah Harari,2018
29,I'll Be Gone in the Dark: One Woman's Obsessive Search for the Golden State Killer,Michelle McNamara,2018
30,White Fragility: Why It’s So Hard for White People to Talk About Racism,Robin DiAngelo,2018
31,"A Court of Frost and Starlight (A Court of Thorns and Roses, #3.1)",Sarah J. Maas,2018
32,So You Want to Talk About Race,Ijeoma Oluo,2018
33,The Library Book,Susan Orlean,2018
34,Something in the Water,Catherine Steadman,2018
35,The Death of Mrs. Westaway,Ruth Ware,2018
36,"War Storm (Red Queen, #4)",Victoria Aveyard,2018
37,"Next Year in Havana (The Cuba Saga, #1)",Chanel Cleeton,2018
38,To Kill a Kingdom,Alexandra Christo,2018
39,Sadie,Courtney Summers,2018
40,All We Ever Wanted,Emily Giffin,2018
41,Can't Hurt Me: Master Your Mind and Defy the Odds,David Goggins,2018
42,"Queen of Air and Darkness (The Dark Artifices, #3)",Cassandra Clare,2018
43,A Spark of Light,Jodi Picoult,2018
44,The Overstory,Richard Powers,2018
45,"The Poppy War (The Poppy War, #1)",R.F. Kuang,2018
46,The Clockmaker's Daughter,Kate Morton,2018
47,"The Wedding Date (The Wedding Date, #1)",Jasmine Guillory,2018
48,"Truly Devious (Truly Devious, #1)",Maureen Johnson,2018
49,"The Hazel Wood (The Hazel Wood, #1)",Melissa Albert,2018
50,Once Upon a River,Diane Setterfield,2018
51,Spinning Silver,Naomi Novik,2018
52,Calypso,David Sedaris,2018
53,Elevation,Stephen King,2018
54,Five Feet Apart,Rachael Lippincott,2018
55,"What If It's Us (What If It's Us, #1)",Becky Albertalli,2018
56,The Last Time I Lied,Riley Sager,2018
57,The Poet X,Elizabeth Acevedo,2018
58,The President Is Missing,Bill Clinton,2018
59,Say Nothing: A True Story of Murder and Memory in Northern Ireland,Patrick Radden Keefe,2018
60,"Thunderhead (Arc of a Scythe, #2)",Neal Shusterman,2018
61,A Place for Us,Fatima Farheen Mirza,2018
62,"The Proposal (The Wedding Date, #2)",Jasmine Guillory,2018
63,"Skyward (Skyward, #1)",Brandon Sanderson,2018
64,I'm Still Here: Black Dignity in a World Made for Whiteness,Austin Channing Brown,2018
65,"An Absolutely Remarkable Thing (The Carls, #1)",Hank Green,2018
66,The Other Woman,Sandie Jones,2018
67,The Lost Man,Jane Harper,2018
68,Every Breath,Nicholas Sparks,2018
69,The Chalk Man,C.J. Tudor,2018
70,The Hunting Party,Lucy Foley,2018
71,Watching You,Lisa Jewell,2018
72,"Leah on the Offbeat (Creekwood, #2)",Becky Albertalli,2018
73,"How to Change Your Mind: What the New Science of Psychedelics Teaches Us About Consciousness, Dying, Addiction, Depression, and Transcendence",Michael Pollan,2018
74,Dare to Lead,Brené Brown,2018
75,"Legendary (Caraval, #2)",Stephanie Garber,2018
76,An Unwanted Guest,Shari Lapena,2018
77,"Ash Princess (Ash Princess Trilogy, #1)",Laura Sebastian,2018
78,The Ragged Edge of Night,Olivia Hawker,2018
79,"Furyborn (Empirium, #1)",Claire Legrand,2018
80,The Broken Girls,Simone St. James,2018
81,"A Reaper at the Gates (An Ember in the Ashes, #3)",Sabaa Tahir,2018
82,How to Walk Away,Katherine Center,2018
83,Severance,Ling  Ma,2018
84,The Prince and the Dressmaker,Jen Wang,2018
85,"The Girl in the Tower (Winternight Trilogy, #2)",Katherine Arden,2018
86,No Exit,Taylor  Adams,2018
87,Girls of Paper and Fire (Girls of Paper and Fire #1),Natasha Ngan,2018
88,Josh and Hazel's Guide to Not Dating,Christina Lauren,2018
89,The Storyteller's Secret,Sejal Badani,2018
90,The Tuscan Child,Rhys Bowen,2018
91,The Great Believers,Rebecca Makkai,2018
92,Vox,Christina Dalcher,2018
93,Bring Me Back,B.A. Paris,2018
94,Fire & Blood (A Targaryen History #1),George R.R. Martin,2018
95,The Silence of the Girls,Pat Barker,2018
96,The Flight Attendant,Chris Bohjalian,2018
97,The Perfect Couple,Elin Hilderbrand,2018
98,"Restore Me (Shatter Me, #4)",Tahereh Mafi,2018
99,"Still Me (Me Before You, #3)",Jojo Moyes,2018
100,"The Burning Maze (The Trials of Apollo, #3)",Rick Riordan,2018
101,Girls Burn Brighter,Shobha   Rao,2018
102,"Sky in the Deep (Sky in the Deep, #1)",Adrienne Young,2018
103,Everything Happens for a Reason: And Other Lies I've Loved,Kate Bowler,2018
104,Brief Answers to the Big Questions,Stephen Hawking,2018
105,The Good Neighbor: The Life and Work of Fred Rogers,Maxwell King,2018
106,My Year of Rest and Relaxation,Ottessa Moshfegh,2018
107,The Sun Does Shine: How I Found Life and Freedom on Death Row,Anthony Ray Hinton,2018
108,Every Note Played,Lisa Genova,2018
109,The Astonishing Color of After,Emily X.R. Pan,2018
110,Sold on a Monday,Kristina McMorris,2018
111,Fire and Fury: Inside the Trump White House,Michael Wolff,2018
112,Milkman,Anna Burns,2018
113,Hate Notes,Vi Keeland,2018
114,Ghosted,Rosie Walsh,2018
115,"Muse of Nightmares (Strange the Dreamer, #2)",Laini Taylor,2018
116,All Your Perfects,Colleen Hoover,2018
117,"Obsidio (The Illuminae Files, #3)",Amie Kaufman,2018
118,Washington Black,Esi Edugyan,2018
119,The Perfect Mother,Aimee Molloy,2018
120,"Enlightenment Now: The Case for Reason, Science, Humanism, and Progress",Steven Pinker,2018
121,Transcription,Kate Atkinson,2018
122,Sea Prayer,Khaled Hosseini,2018
123,"City of Ghosts (Cassidy Blake, #1)",Victoria Schwab,2018
124,"Harley Merlin and the Secret Coven (Harley Merlin, #1)",Bella Forrest,2018
125,"Vengeful (Villains, #2)",V.E. Schwab,2018
126,"Dance of Thieves (Dance of Thieves, #1)",Mary E. Pearson,2018
127,The Reckoning,John Grisham,2018
128,Fear: Trump in the White House,Bob Woodward,2018
129,The Extraordinary Life of Sam Hell,Robert Dugoni,2018
130,"Everless (Everless, #1)",Sara  Holland,2018
131,"The Witch Doesn't Burn in This One (Women Are Some Kind of Magic, #2)",Amanda Lovelace,2018
132,"When Life Gives You Lululemons (The Devil Wears Prada, #3)",Lauren Weisberger,2018
133,Bridge of Clay,Markus Zusak,2018
134,Baby Teeth,Zoje Stage,2018
135,A Very Large Expanse of Sea,Tahereh Mafi,2018
136,"The Lady's Guide to Petticoats and Piracy (Montague Siblings, #2)",Mackenzi Lee,2018
137,Heavy: An American Memoir,Kiese Laymon,2018
138,The Mars Room,Rachel Kushner,2018
139,"The Tattooist of Auschwitz (The Tattooist of Auschwitz, #1)",Heather   Morris,2018
140,Whisper Me This,Kerry Anne King,2018
141,"The Simple Wild (Wild, #1)",K.A. Tucker,2018
142,Emergency Contact,Mary H.K. Choi,2018
143,The Summer Wives,Beatriz Williams,2018
144,What Have You Done,Matthew Farrell,2018
145,"Iron Gold (Red Rising Saga, #4)",Pierce Brown,2018
146,"Winter in Paradise (Paradise, #1)",Elin Hilderbrand,2018
147,"A Higher Loyalty: Truth, Lies, and Leadership",James Comey,2018
148,The Wicked Deep,Shea Ernshaw,2018
149,Foundryside (The Founders Trilogy #1),Robert Jackson Bennett,2018
150,"Dread Nation (Dread Nation, #1)",Justina Ireland,2018
151,The Home for Unwanted Girls,Joanna Goodman,2018
152,"A Killer's Mind (Zoe Bentley Mystery, #1)",Mike Omer,2018
153,The Map of Salt and Stars,Zeyn Joukhadar,2018
154,Sea of Memories,Fiona Valpy,2018
155,When They Call You a Terrorist: A Black Lives Matter Memoir,Patrisse Khan-Cullors,2018
156,The Art of Inheriting Secrets,Barbara O'Neal,2018
157,The Beekeeper's Promise,Fiona Valpy,2018
158,"Archenemies (Renegades, #2)",Marissa Meyer,2018
159,A Curve in the Road,Julianne MacLean,2018
160,Pieces of Her,Karin Slaughter,2018
161,"White Rose, Black Forest",Eoin Dempsey,2018
162,When: The Scientific Secrets of Perfect Timing,Daniel H. Pink,2018
163,The Cactus,Sarah  Haywood,2018
164,Love and Other Words,Christina Lauren,2018
165,Unsheltered,Barbara Kingsolver,2018
166,The Spy and the Traitor: The Greatest Espionage Story of the Cold War,Ben Macintyre,2018
167,"The Year of Less: How I Stopped Shopping, Gave Away My Belongings, and Discovered Life Is Worth More Than Anything You Can Buy in a Store",Cait Flanders,2018
168,Dear Evan Hansen,Val Emmich,2018
169,The Coddling of the American Mind: How Good Intentions and Bad Ideas Are Setting Up a Generation for Failure,Jonathan Haidt,2018
170,Everything Here Is Beautiful,Mira T. Lee,2018
171,Boy Swallows Universe,Trent Dalton,2018
172,"Wildcard (Warcross, #2)",Marie Lu,2018
173,Heart Berries,Terese Marie Mailhot,2018
174,Surprise Me,Sophie Kinsella,2018
175,My Dear Hamilton: A Novel of Eliza Schuyler Hamilton,Stephanie Dray,2018
176,My Favorite Half-Night Stand,Christina Lauren,2018
177,Daughters of the Lake,Wendy     Webb,2018
178,Matchmaking for Beginners,Maddie Dawson,2018
179,The Gown,Jennifer Robson,2018
180,The Last Thing She Ever Did,Gregg Olsen,2018
181,"The Fates Divide (Carve the Mark, #2)",Veronica Roth,2018
182,"The Calculating Stars (Lady Astronaut, #1)",Mary Robinette Kowal,2018
183,Winter Cottage,Mary Ellen Taylor,2018
184,"The Belles (The Belles, #1)",Dhonielle Clayton,2018
185,"Dopesick: Dealers, Doctors, and the Drug Company that Addicted America",Beth Macy,2018
186,"A Map of Days (Miss Peregrine's Peculiar Children, #4)",Ransom Riggs,2018
187,The Incendiaries,R.O. Kwon,2018
188,The Wife,Alafair Burke,2018
189,Women Talking,Miriam Toews,2018
190,The Shape of Water,Guillermo del Toro,2018
191,The Cabin at the End of the World,Paul Tremblay,2018
192,Save the Date,Morgan Matson,2018
193,Fruit of the Drunken Tree,Ingrid Rojas Contreras,2018
194,Freshwater,Akwaeke Emezi,2018
195,As Bright as Heaven,Susan Meissner,2018
196,Everything I Know About Love,Dolly Alderton,2018
197,"Whiskey in a Teacup: What Growing Up in the South Taught Me About Life, Love, and Baking Biscuits",Reese Witherspoon,2018
198,Warlight,Michael Ondaatje,2018
199,"Lethal White (Cormoran Strike, #4)",Robert Galbraith,2018
200,The Female Persuasion,Meg Wolitzer,2018
